state,district,dem_pct,rep_pct,margin,winner_party,contested,imputed_from,source_cycle,margin_2022
AK,District 1,48.78,51.22,-2.44,R,true,,2024,9.92
AL,District 1,21.5,78.4,-56.96,R,true,,2024,
AL,District 2,54.56,45.37,9.2,D,true,,2024,
AL,District 3,0,97.93,-47.82,R,false,2022,2024,
AL,District 4,0,98.79,-72.09,R,false,2022,2024,
AL,District 5,0,95.39,-38.85,R,false,2022,2024,
AL,District 6,29.57,70.32,-40.79,R,true,,2024,
AL,District 7,63.68,36.26,27.44,D,true,,2024,
AR,District 1,24.0,72.88,-50.45,R,true,,2024,-47.6
AR,District 2,41.07,58.93,-17.86,R,true,,2024,-26.0
AR,District 3,31.77,63.8,-33.51,R,true,,2024,-31.89
AR,District 4,27.09,72.91,-45.82,R,true,,2024,-46.11
AZ,District 1,48.09,51.91,-3.82,R,true,,2024,-0.88
AZ,District 2,45.51,54.48,-8.97,R,true,,2024,-7.74
AZ,District 3,70.94,26.58,45.49,D,true,,2024,53.96
AZ,District 4,52.74,45.45,7.42,D,true,,2024,12.21
AZ,District 5,39.61,60.39,-20.78,R,true,,2024,-20.56
AZ,District 6,47.49,50.0,-2.57,R,true,,2024,-1.5
AZ,District 7,63.45,36.55,26.9,D,true,,2024,29.08
AZ,District 8,43.5,56.5,-13.0,R,true,,2024,
AZ,District 9,34.7,65.3,-30.6,R,true,,2024,
CA,District 1,34.66,65.34,-30.68,R,true,,2024,-24.14
CA,District 2,71.88,28.12,43.76,D,true,,2024,48.8
CA,District 3,44.53,55.47,-10.94,R,true,,2024,-7.3
CA,District 4,66.46,33.54,32.92,D,true,,2024,35.6
CA,District 5,38.23,61.77,-23.54,R,true,,2024,-22.62
CA,District 6,57.62,42.38,15.24,D,true,,2024,11.9
CA,District 7,66.75,33.25,33.5,D,true,,2024,36.52
CA,District 8,73.97,26.03,47.94,D,true,,2024,51.46
CA,District 9,51.79,48.21,3.58,D,true,,2024,9.64
CA,District 10,66.47,33.53,32.94,D,true,,2024,
CA,District 11,81.03,18.97,62.06,D,true,,2024,67.9
CA,District 12,100.0,0,80.94,D,false,2022,2024,80.94
CA,District 13,50.04,49.96,0.08,D,true,,2024,-0.42
CA,District 14,67.75,32.25,35.5,D,true,,2024,38.68
CA,District 15,73.1,26.9,46.2,D,true,,2024,
CA,District 16,100.0,0,35.0,D,false,cap,2024,
CA,District 17,67.66,32.34,35.32,D,true,,2024,
CA,District 18,64.63,35.37,29.26,D,true,,2024,31.7
CA,District 19,69.3,30.7,38.6,D,true,,2024,37.3
CA,District 20,0,100.0,-34.5,R,false,2022,2024,-34.5
CA,District 21,52.57,47.43,5.14,D,true,,2024,8.36
CA,District 22,46.58,53.42,-6.84,R,true,,2024,-3.04
CA,District 23,39.86,60.14,-20.28,R,true,,2024,-22.06
CA,District 24,62.7,37.3,25.4,D,true,,2024,21.14
CA,District 25,56.25,43.75,12.5,D,true,,2024,14.76
CA,District 26,56.05,43.95,12.1,D,true,,2024,9.06
CA,District 27,51.33,48.67,2.66,D,true,,2024,-6.48
CA,District 28,64.93,35.07,29.86,D,true,,2024,32.48
CA,District 29,69.78,30.22,39.56,D,true,,2024,
CA,District 30,68.38,31.62,36.76,D,true,,2024,
CA,District 31,59.73,40.27,19.46,D,true,,2024,19.08
CA,District 32,66.2,33.8,32.4,D,true,,2024,38.34
CA,District 33,58.81,41.19,17.62,D,true,,2024,15.42
CA,District 34,100.0,0,35.0,D,false,cap,2024,
CA,District 35,58.41,41.59,16.82,D,true,,2024,14.72
CA,District 36,68.72,31.28,37.44,D,true,,2024,39.5
CA,District 37,78.3,0,35.0,D,false,cap,2024,
CA,District 38,59.84,40.16,19.68,D,true,,2024,16.18
CA,District 39,56.69,43.31,13.38,D,true,,2024,15.34
CA,District 40,44.74,55.26,-10.52,R,true,,2024,-13.68
CA,District 41,48.31,51.69,-3.38,R,true,,2024,-4.7
CA,District 42,68.14,31.86,36.28,D,true,,2024,36.74
CA,District 43,75.07,24.93,50.14,D,true,,2024,54.66
CA,District 44,71.37,28.63,42.74,D,true,,2024,44.42
CA,District 45,50.1,49.9,0.2,D,true,,2024,-4.82
CA,District 46,63.43,36.57,26.86,D,true,,2024,23.58
CA,District 47,51.44,48.56,2.88,D,true,,2024,3.44
CA,District 48,40.71,59.29,-18.58,R,true,,2024,-20.72
CA,District 49,52.17,47.83,4.34,D,true,,2024,5.26
CA,District 50,64.27,35.73,28.54,D,true,,2024,25.68
CA,District 51,60.7,39.3,21.4,D,true,,2024,23.72
CA,District 52,66.31,33.69,32.62,D,true,,2024,
CO,District 1,76.53,21.58,56.01,D,true,,2024,64.16
CO,District 2,68.36,28.94,40.51,D,true,,2024,42.83
CO,District 3,45.82,50.8,-5.15,R,true,,2024,-0.16
CO,District 4,42.04,53.64,-12.12,R,true,,2024,-25.01
CO,District 5,40.87,54.66,-14.44,R,true,,2024,-16.27
CO,District 6,58.97,38.45,21.06,D,true,,2024,23.64
CO,District 7,55.33,41.15,14.7,D,true,,2024,15.33
CO,District 8,48.22,48.95,-0.75,R,true,,2024,0.72
CT,District 1,63.13,34.82,28.9,D,true,,2024,24.08
CT,District 2,58.01,41.98,16.03,D,true,,2024,18.35
CT,District 3,58.88,41.08,17.81,D,true,,2024,16.57
CT,District 4,61.06,37.34,24.11,D,true,,2024,18.82
CT,District 5,53.4,46.58,6.82,D,true,,2024,0.78
DE,District 1,57.86,42.14,15.72,D,true,,2024,12.71
FL,District 1,33.96,66.04,-32.08,R,true,,2024,-35.72
FL,District 2,38.36,61.64,-23.28,R,true,,2024,-19.6
FL,District 3,38.39,61.61,-23.22,R,true,,2024,-26.55
FL,District 4,42.72,57.26,-14.54,R,true,,2024,-20.9
FL,District 5,36.92,63.07,-26.15,R,true,,2024,
FL,District 6,33.46,66.53,-33.07,R,true,,2024,
FL,District 7,43.47,56.53,-13.06,R,true,,2024,-17.06
FL,District 8,37.76,62.24,-24.48,R,true,,2024,-29.82
FL,District 9,55.13,42.58,12.84,D,true,,2024,7.28
FL,District 10,62.37,37.63,24.74,D,true,,2024,19.87
FL,District 11,39.62,60.38,-20.76,R,true,,2024,-28.09
FL,District 12,28.96,71.04,-42.08,R,true,,2024,-40.75
FL,District 13,45.17,54.82,-9.65,R,true,,2024,-8.24
FL,District 14,56.95,41.59,15.59,D,true,,2024,13.8
FL,District 15,43.82,56.18,-12.36,R,true,,2024,-17.08
FL,District 16,40.52,59.48,-18.96,R,true,,2024,-24.29
FL,District 17,36.1,63.9,-27.8,R,true,,2024,-28.5
FL,District 18,34.7,65.3,-30.6,R,true,,2024,
FL,District 19,33.68,66.32,-32.64,R,true,,2024,-36.01
FL,District 20,0.0,0,44.62,D,false,2022,2024,44.62
FL,District 21,38.17,61.82,-23.65,R,true,,2024,-27.0
FL,District 22,54.96,45.04,9.92,D,true,,2024,10.22
FL,District 23,52.45,47.55,4.9,D,true,,2024,4.84
FL,District 24,68.24,31.76,36.48,D,true,,2024,43.58
FL,District 25,54.47,45.52,8.95,D,true,,2024,10.18
FL,District 26,29.08,70.92,-41.84,R,true,,2024,-41.74
FL,District 27,39.62,60.38,-20.76,R,true,,2024,-14.58
FL,District 28,35.43,64.57,-29.14,R,true,,2024,-27.37
GA,District 1,38.02,61.98,-23.96,R,true,,2024,
GA,District 2,56.33,43.67,12.66,D,true,,2024,
GA,District 3,33.69,66.31,-32.62,R,true,,2024,
GA,District 4,75.58,24.42,51.16,D,true,,2024,
GA,District 5,85.68,14.32,71.36,D,true,,2024,
GA,District 6,74.67,25.31,49.37,D,true,,2024,
GA,District 7,35.15,64.85,-29.7,R,true,,2024,
GA,District 8,31.08,68.92,-37.84,R,true,,2024,
GA,District 9,31.0,69.0,-38.0,R,true,,2024,
GA,District 10,36.95,63.05,-26.1,R,true,,2024,
GA,District 11,31.88,65.63,-34.61,R,true,,2024,
GA,District 12,39.68,60.32,-20.64,R,true,,2024,
GA,District 13,71.83,28.17,43.66,D,true,,2024,
GA,District 14,35.63,64.37,-28.74,R,true,,2024,
HI,District 1,71.84,28.16,43.68,D,true,,2024,47.4
HI,District 2,66.46,30.17,37.56,D,true,,2024,27.58
IA,District 1,49.79,49.98,-0.19,R,true,,2024,-6.81
IA,District 2,41.52,57.08,-15.78,R,true,,2024,-8.25
IA,District 3,47.94,51.77,-3.84,R,true,,2024,-0.69
IA,District 4,32.68,67.02,-34.44,R,true,,2024,-37.76
ID,District 1,25.45,71.0,-47.23,R,true,,2024,-46.08
ID,District 2,30.98,61.38,-32.91,R,true,,2024,-27.18
IL,District 1,65.84,34.14,31.71,D,true,,2024,34.07
IL,District 2,67.55,32.43,35.13,D,true,,2024,34.26
IL,District 3,67.26,32.7,34.57,D,true,,2024,37.0
IL,District 4,67.51,27.29,42.43,D,true,,2024,41.82
IL,District 5,68.97,31.03,37.94,D,true,,2024,41.42
IL,District 6,54.2,45.78,8.42,D,true,,2024,8.72
IL,District 7,83.25,16.69,66.6,D,true,,2024,
IL,District 8,57.06,42.94,14.12,D,true,,2024,13.78
IL,District 9,68.39,31.61,36.78,D,true,,2024,43.38
IL,District 10,59.93,39.99,19.96,D,true,,2024,26.0
IL,District 11,55.56,44.38,11.19,D,true,,2024,12.9
IL,District 12,25.81,74.19,-48.38,R,true,,2024,-50.0
IL,District 13,58.07,41.86,16.22,D,true,,2024,13.23
IL,District 14,55.1,44.89,10.21,D,true,,2024,8.32
IL,District 15,0,99.55,-42.28,R,false,2022,2024,-42.28
IL,District 16,0,99.94,-32.66,R,false,2022,2024,-32.66
IL,District 17,54.43,45.57,8.86,D,true,,2024,3.97
IN,District 1,53.44,44.95,8.63,D,true,,2024,5.68
IN,District 2,34.61,62.74,-28.9,R,true,,2024,-33.2
IN,District 3,31.42,65.05,-34.86,R,true,,2024,-36.95
IN,District 4,30.93,64.83,-35.4,R,true,,2024,-36.44
IN,District 5,38.02,56.6,-19.64,R,true,,2024,-22.14
IN,District 6,31.7,63.94,-33.71,R,true,,2024,-35.06
IN,District 7,68.34,28.95,40.49,D,true,,2024,37.26
IN,District 8,29.45,67.96,-39.53,R,true,,2024,-35.16
IN,District 9,32.8,64.47,-32.56,R,true,,2024,-30.83
KS,District 1,30.86,69.14,-38.28,R,true,,2024,-35.34
KS,District 2,38.21,57.09,-19.81,R,true,,2024,-15.28
KS,District 3,53.36,42.6,11.21,D,true,,2024,12.47
KS,District 4,34.95,65.05,-30.1,R,true,,2024,-26.68
KY,District 1,25.28,74.72,-49.44,R,true,,2024,-49.8
KY,District 2,26.9,73.1,-46.2,R,true,,2024,-43.72
KY,District 3,61.95,38.04,23.91,D,true,,2024,23.99
KY,District 4,0,99.6,-35.38,R,false,2022,2024,-35.38
KY,District 5,0,100.0,-64.36,R,false,2022,2024,-64.36
KY,District 6,36.96,63.04,-26.08,R,true,,2024,-30.18
LA,District 1,24.02,74.09,-51.03,R,true,,2024,
LA,District 2,70.94,29.06,41.88,D,true,,2024,
LA,District 3,25.31,74.69,-49.38,R,true,,2024,
LA,District 4,0,100.0,-35.0,R,false,cap,2024,
LA,District 5,25.94,74.06,-48.12,R,true,,2024,
LA,District 6,62.26,37.74,24.52,D,true,,2024,
MA,District 1,62.37,0,23.14,D,false,2022,2024,23.14
MA,District 2,68.64,0,32.53,D,false,2022,2024,32.53
MA,District 3,97.47,0,27.11,D,false,2022,2024,27.11
MA,District 4,97.37,0,35.0,D,false,cap,2024,
MA,District 5,98.22,0,48.1,D,false,2022,2024,48.1
MA,District 6,97.81,0,28.27,D,false,2022,2024,28.27
MA,District 7,97.11,0,69.69,D,false,2022,2024,69.69
MA,District 8,70.44,29.36,41.16,D,true,,2024,39.64
MA,District 9,56.44,43.42,13.04,D,true,,2024,18.4
MD,District 1,37.37,59.41,-22.77,R,true,,2024,-11.58
MD,District 2,58.16,39.52,19.08,D,true,,2024,18.63
MD,District 3,59.29,37.87,22.05,D,true,,2024,20.5
MD,District 4,88.42,11.24,77.44,D,true,,2024,80.65
MD,District 5,67.75,32.01,35.83,D,true,,2024,32.01
MD,District 6,53.05,46.72,6.34,D,true,,2024,9.58
MD,District 7,80.25,17.16,64.77,D,true,,2024,64.5
MD,District 8,76.8,20.46,57.93,D,true,,2024,63.08
ME,District 1,58.7,36.39,23.46,D,true,,2024,25.92
ME,District 2,50.35,49.65,0.7,D,true,,2024,6.1
MI,District 1,37.92,59.15,-21.87,R,true,,2024,-23.16
MI,District 2,31.69,65.14,-34.55,R,true,,2024,-29.99
MI,District 3,53.66,43.77,10.15,D,true,,2024,13.33
MI,District 4,43.36,55.07,-11.9,R,true,,2024,-12.28
MI,District 5,32.76,65.68,-33.44,R,true,,2024,-28.19
MI,District 6,62.02,35.0,27.85,D,true,,2024,31.78
MI,District 7,46.56,50.28,-3.84,R,true,,2024,5.52
MI,District 8,51.25,44.61,6.93,D,true,,2024,10.7
MI,District 9,29.5,66.76,-38.71,R,true,,2024,-31.66
MI,District 10,44.99,51.13,-6.39,R,true,,2024,-0.5
MI,District 11,58.22,39.61,19.02,D,true,,2024,22.64
MI,District 12,69.7,25.44,46.52,D,true,,2024,45.91
MI,District 13,68.64,24.54,47.33,D,true,,2024,49.56
MN,District 1,41.41,58.51,-17.11,R,true,,2024,-11.98
MN,District 2,55.53,42.08,13.78,D,true,,2024,5.41
MN,District 3,58.43,41.45,17.0,D,true,,2024,19.2
MN,District 4,67.25,32.58,34.73,D,true,,2024,35.38
MN,District 5,74.37,24.56,50.35,D,true,,2024,50.37
MN,District 6,37.42,62.45,-25.06,R,true,,2024,-24.24
MN,District 7,29.44,70.45,-41.06,R,true,,2024,-41.6
MN,District 8,41.92,57.99,-16.08,R,true,,2024,-14.47
MO,District 1,75.93,18.37,61.04,D,true,,2024,49.93
MO,District 2,42.5,54.49,-12.36,R,true,,2024,-12.09
MO,District 3,35.3,61.31,-26.92,R,true,,2024,-30.22
MO,District 4,26.41,71.07,-45.81,R,true,,2024,-46.13
MO,District 5,60.22,36.44,24.6,D,true,,2024,25.22
MO,District 6,26.92,70.69,-44.84,R,true,,2024,-43.8
MO,District 7,26.27,71.56,-46.29,R,true,,2024,-45.14
MO,District 8,21.81,76.18,-55.49,R,true,,2024,-55.26
MS,District 1,30.19,69.81,-39.62,R,true,,2024,-45.94
MS,District 2,62.02,37.98,24.04,D,true,,2024,20.2
MS,District 3,0,100.0,-41.48,R,false,2022,2024,-41.48
MS,District 4,26.05,73.95,-47.9,R,true,,2024,-49.77
MT,District 1,44.62,52.29,-7.91,R,true,,2024,-3.29
MT,District 2,34.01,65.99,-31.98,R,true,,2024,-47.45
NC,District 1,49.52,47.84,1.73,D,true,,2024,
NC,District 2,66.25,31.61,35.4,D,true,,2024,
NC,District 3,0,77.38,-33.8,R,false,2022,2024,
NC,District 4,71.85,26.14,46.65,D,true,,2024,
NC,District 5,40.53,59.47,-18.94,R,true,,2024,
NC,District 6,0,69.16,-17.5,R,false,2022,2024,
NC,District 7,41.41,58.59,-17.18,R,true,,2024,
NC,District 8,40.39,59.61,-19.22,R,true,,2024,
NC,District 9,37.75,56.3,-19.72,R,true,,2024,
NC,District 10,38.21,57.49,-20.15,R,true,,2024,
NC,District 11,43.23,56.77,-13.54,R,true,,2024,
NC,District 12,74.02,25.98,48.04,D,true,,2024,
NC,District 13,41.36,58.64,-17.28,R,true,,2024,
NC,District 14,41.94,58.06,-16.12,R,true,,2024,
ND,District 1,30.36,69.24,-39.04,R,true,,2024,
NE,District 1,39.9,60.1,-20.2,R,true,,2024,-15.82
NE,District 2,49.07,50.93,-1.86,R,true,,2024,-2.66
NE,District 3,19.58,80.42,-60.84,R,true,,2024,-66.44
NH,District 1,54.0,45.93,8.08,D,true,,2024,8.12
NH,District 2,52.93,46.97,5.97,D,true,,2024,11.73
NJ,District 1,57.83,39.99,18.24,D,true,,2024,27.84
NJ,District 2,41.2,58.11,-17.03,R,true,,2024,-19.12
NJ,District 3,53.24,44.65,8.78,D,true,,2024,11.93
NJ,District 4,31.66,67.39,-36.07,R,true,,2024,-36.17
NJ,District 5,54.56,43.28,11.53,D,true,,2024,10.51
NJ,District 6,56.07,40.34,16.32,D,true,,2024,16.7
NJ,District 7,46.37,51.77,-5.5,R,true,,2024,-2.8
NJ,District 8,59.17,34.64,26.15,D,true,,2024,50.11
NJ,District 9,50.78,45.89,5.06,D,true,,2024,11.47
NJ,District 10,74.42,22.24,53.98,D,true,,2024,58.87
NJ,District 11,56.53,41.79,14.99,D,true,,2024,18.97
NJ,District 12,61.2,36.44,25.36,D,true,,2024,27.48
NM,District 1,56.37,43.63,12.74,D,true,,2024,11.52
NM,District 2,52.08,47.92,4.16,D,true,,2024,0.7
NM,District 3,56.29,43.71,12.58,D,true,,2024,16.32
NV,District 1,51.99,44.49,7.77,D,true,,2024,5.75
NV,District 2,0,55.04,-22.49,R,false,2022,2024,-22.49
NV,District 3,51.37,48.63,2.74,D,true,,2024,3.96
NV,District 4,52.66,44.57,8.32,D,true,,2024,4.84
NY,District 1,44.75,55.18,-10.44,R,true,,2024,
NY,District 2,40.21,59.74,-19.54,R,true,,2024,
NY,District 3,51.68,48.11,3.58,D,true,,2024,
NY,District 4,51.07,48.77,2.3,D,true,,2024,
NY,District 5,72.68,26.98,45.86,D,true,,2024,
NY,District 6,60.5,37.53,23.43,D,true,,2024,
NY,District 7,69.59,30.15,39.54,D,true,,2024,
NY,District 8,75.08,24.51,50.78,D,true,,2024,
NY,District 9,73.46,25.48,48.49,D,true,,2024,
NY,District 10,81.01,14.75,69.19,D,true,,2024,
NY,District 11,35.76,63.84,-28.19,R,true,,2024,
NY,District 12,80.29,19.44,61.01,D,true,,2024,
NY,District 13,83.02,16.36,67.08,D,true,,2024,
NY,District 14,68.92,30.68,38.39,D,true,,2024,
NY,District 15,76.21,21.05,56.71,D,true,,2024,
NY,District 16,71.35,28.32,43.17,D,true,,2024,
NY,District 17,45.82,52.13,-6.44,R,true,,2024,
NY,District 18,57.13,42.79,14.35,D,true,,2024,
NY,District 19,51.05,48.84,2.21,D,true,,2024,
NY,District 20,60.08,39.83,20.27,D,true,,2024,
NY,District 21,37.99,61.95,-23.97,R,true,,2024,
NY,District 22,54.5,45.39,9.12,D,true,,2024,
NY,District 23,34.19,65.75,-31.58,R,true,,2024,
NY,District 24,34.31,65.63,-31.34,R,true,,2024,
NY,District 25,60.78,39.15,21.65,D,true,,2024,
NY,District 26,65.09,34.79,30.34,D,true,,2024,
OH,District 1,54.58,45.42,9.16,D,true,,2024,5.52
OH,District 2,26.44,73.56,-47.12,R,true,,2024,-49.0
OH,District 3,70.74,29.26,41.48,D,true,,2024,40.91
OH,District 4,31.54,68.46,-36.92,R,true,,2024,-38.38
OH,District 5,32.49,67.51,-35.02,R,true,,2024,-33.82
OH,District 6,33.26,66.74,-33.48,R,true,,2024,-35.44
OH,District 7,36.12,51.08,-17.16,R,true,,2024,-10.71
OH,District 8,37.19,62.81,-25.62,R,true,,2024,-29.28
OH,District 9,48.27,47.63,0.67,D,true,,2024,13.26
OH,District 10,39.22,57.64,-19.02,R,true,,2024,-23.34
OH,District 11,78.33,19.64,59.91,D,true,,2024,55.5
OH,District 12,31.49,68.51,-37.02,R,true,,2024,-38.54
OH,District 13,51.11,48.89,2.22,D,true,,2024,5.36
OH,District 14,36.58,63.42,-26.84,R,true,,2024,-23.48
OH,District 15,43.54,56.46,-12.92,R,true,,2024,-13.92
OK,District 1,34.53,60.43,-27.27,R,true,,2024,-27.63
OK,District 2,21.44,74.18,-55.16,R,true,,2024,-51.19
OK,District 3,0,0.0,-49.08,R,false,2022,2024,-49.08
OK,District 4,28.27,65.25,-39.54,R,true,,2024,-33.5
OK,District 5,39.31,60.69,-21.38,R,true,,2024,-22.41
OR,District 1,68.63,28.1,41.9,D,true,,2024,36.05
OR,District 2,32.81,63.9,-32.15,R,true,,2024,-35.19
OR,District 3,67.71,25.22,45.72,D,true,,2024,45.34
OR,District 4,51.71,43.94,8.12,D,true,,2024,7.98
OR,District 5,47.69,44.96,2.95,D,true,,2024,-2.09
OR,District 6,53.34,46.49,6.86,D,true,,2024,2.51
PA,District 1,43.6,56.4,-12.8,R,true,,2024,-9.74
PA,District 2,71.46,28.54,42.92,D,true,,2024,51.3
PA,District 3,100.0,0,35.0,D,false,cap,2024,
PA,District 4,59.07,40.93,18.14,D,true,,2024,22.58
PA,District 5,65.29,34.71,30.58,D,true,,2024,30.16
PA,District 6,56.2,43.8,12.4,D,true,,2024,16.62
PA,District 7,49.5,50.5,-1.0,R,true,,2024,1.96
PA,District 8,49.19,50.81,-1.62,R,true,,2024,2.44
PA,District 9,29.49,70.51,-41.02,R,true,,2024,-38.62
PA,District 10,49.37,50.63,-1.26,R,true,,2024,-7.66
PA,District 11,37.1,62.9,-25.8,R,true,,2024,-23.1
PA,District 12,56.41,43.59,12.82,D,true,,2024,12.4
PA,District 13,25.8,74.2,-48.4,R,true,,2024,
PA,District 14,33.43,66.57,-33.14,R,true,,2024,
PA,District 15,28.53,71.47,-42.94,R,true,,2024,-39.88
PA,District 16,36.35,63.65,-27.3,R,true,,2024,-18.72
PA,District 17,53.88,46.12,7.76,D,true,,2024,6.78
RI,District 1,63.02,31.99,32.66,D,true,,2024,28.32
RI,District 2,58.24,41.51,16.77,D,true,,2024,3.82
SC,District 1,41.6,58.22,-16.65,R,true,,2024,-14.08
SC,District 2,40.25,59.53,-19.32,R,true,,2024,-20.19
SC,District 3,25.3,71.66,-47.81,R,true,,2024,
SC,District 4,37.23,59.73,-23.21,R,true,,2024,
SC,District 5,36.34,63.51,-27.21,R,true,,2024,-30.01
SC,District 6,59.5,36.72,23.67,D,true,,2024,24.22
SC,District 7,34.97,64.9,-29.97,R,true,,2024,-29.75
SD,District 1,27.96,72.04,-44.08,R,true,,2024,
TN,District 1,19.39,78.08,-60.21,R,true,,2024,-59.79
TN,District 2,30.74,69.26,-38.52,R,true,,2024,-35.82
TN,District 3,29.36,67.51,-39.38,R,true,,2024,-38.74
TN,District 4,26.76,69.95,-44.66,R,true,,2024,-46.55
TN,District 5,39.47,56.85,-18.04,R,true,,2024,-13.77
TN,District 6,32.0,68.0,-36.0,R,true,,2024,-32.66
TN,District 7,38.05,59.5,-21.99,R,true,,2024,-22.24
TN,District 8,25.59,72.34,-47.74,R,true,,2024,-50.55
TN,District 9,71.31,25.66,47.08,D,true,,2024,45.51
TX,District 1,0,100.0,-56.16,R,false,2022,2024,-56.16
TX,District 2,34.34,65.66,-31.32,R,true,,2024,-31.82
TX,District 3,37.55,62.45,-24.9,R,true,,2024,-24.26
TX,District 4,31.62,68.38,-36.76,R,true,,2024,-36.64
TX,District 5,35.92,64.08,-28.16,R,true,,2024,-30.68
TX,District 6,34.32,65.68,-31.36,R,true,,2024,
TX,District 7,61.28,38.72,22.56,D,true,,2024,27.58
TX,District 8,31.78,68.22,-36.44,R,true,,2024,-38.06
TX,District 9,100.0,0,53.36,D,false,2022,2024,53.36
TX,District 10,34.01,63.6,-30.31,R,true,,2024,-29.71
TX,District 11,0,100.0,-35.0,R,false,cap,2024,
TX,District 12,36.55,63.45,-26.9,R,true,,2024,-28.54
TX,District 13,0,100.0,-50.7,R,false,2022,2024,-50.7
TX,District 14,31.31,68.69,-37.38,R,true,,2024,-40.32
TX,District 15,42.89,57.11,-14.22,R,true,,2024,-8.64
TX,District 16,59.5,40.43,19.08,D,true,,2024,26.92
TX,District 17,33.65,66.35,-32.7,R,true,,2024,-32.96
TX,District 18,69.42,30.55,38.88,D,true,,2024,45.93
TX,District 19,0,80.69,-35.0,R,false,cap,2024,
TX,District 20,100.0,0,36.85,D,false,2022,2024,36.85
TX,District 21,36.06,61.85,-26.34,R,true,,2024,-25.68
TX,District 22,37.88,62.12,-24.24,R,true,,2024,-27.31
TX,District 23,37.7,62.3,-24.6,R,true,,2024,-18.07
TX,District 24,39.7,60.3,-20.6,R,true,,2024,-19.5
TX,District 25,0,99.37,-35.0,R,false,cap,2024,
TX,District 26,35.67,62.07,-27.01,R,true,,2024,
TX,District 27,33.96,66.04,-32.08,R,true,,2024,-28.88
TX,District 28,52.81,47.19,5.62,D,true,,2024,13.3
TX,District 29,65.29,34.71,30.58,D,true,,2024,42.82
TX,District 30,84.89,0,54.96,D,false,2022,2024,54.96
TX,District 31,35.57,64.43,-28.86,R,true,,2024,
TX,District 32,60.45,36.97,24.1,D,true,,2024,30.72
TX,District 33,68.79,31.21,37.58,D,true,,2024,47.52
TX,District 34,51.29,48.71,2.58,D,true,,2024,8.77
TX,District 35,67.36,32.64,34.72,D,true,,2024,45.16
TX,District 36,30.64,69.36,-38.72,R,true,,2024,-38.92
TX,District 37,74.22,23.58,51.78,D,true,,2024,57.09
TX,District 38,37.24,62.73,-25.5,R,true,,2024,-27.86
UT,District 1,32.06,63.13,-32.64,R,true,,2024,-33.94
UT,District 2,34.23,58.0,-25.77,R,true,,2024,-27.42
UT,District 3,33.61,66.39,-32.78,R,true,,2024,-37.12
UT,District 4,30.2,63.42,-35.48,R,true,,2024,-30.73
VA,District 1,43.53,56.31,-12.8,R,true,,2024,-13.15
VA,District 2,46.9,50.74,-3.93,R,true,,2024,-3.42
VA,District 3,69.95,29.84,40.19,D,true,,2024,34.72
VA,District 4,67.34,32.44,34.98,D,true,,2024,30.07
VA,District 5,42.27,57.26,-15.06,R,true,,2024,-15.36
VA,District 6,34.64,63.26,-29.23,R,true,,2024,-29.0
VA,District 7,51.18,48.54,2.65,D,true,,2024,4.66
VA,District 8,71.52,24.66,48.72,D,true,,2024,49.62
VA,District 9,27.33,72.49,-45.24,R,true,,2024,-46.8
VA,District 10,52.09,47.54,4.57,D,true,,2024,6.51
VA,District 11,66.68,32.86,33.98,D,true,,2024,33.78
VT,District 1,62.29,29.79,35.3,D,true,,2024,38.48
WA,District 1,63.0,36.75,26.32,D,true,,2024,27.13
WA,District 2,63.83,35.86,28.06,D,true,,2024,20.36
WA,District 3,51.74,47.86,3.9,D,true,,2024,0.83
WA,District 4,0,98.17,-36.1,R,false,2022,2024,-36.1
WA,District 5,39.29,60.57,-21.31,R,true,,2024,-19.31
WA,District 6,56.71,43.11,13.62,D,true,,2024,20.13
WA,District 7,83.91,15.77,68.36,D,true,,2024,71.48
WA,District 8,53.96,45.8,8.18,D,true,,2024,6.87
WA,District 9,65.44,32.44,33.71,D,true,,2024,43.49
WA,District 10,58.54,41.23,17.35,D,true,,2024,14.12
WI,District 1,43.81,54.01,-10.43,R,true,,2024,-8.98
WI,District 2,70.05,29.82,40.28,D,true,,2024,45.01
WI,District 3,48.6,51.32,-2.72,R,true,,2024,-3.7
WI,District 4,74.77,22.41,53.88,D,true,,2024,53.8
WI,District 5,35.5,64.4,-28.93,R,true,,2024,-28.86
WI,District 6,38.66,61.23,-22.59,R,true,,2024,
WI,District 7,36.37,63.56,-27.21,R,true,,2024,-23.76
WI,District 8,42.64,57.29,-14.66,R,true,,2024,
WV,District 1,26.15,66.36,-43.47,R,true,,2024,-39.68
WV,District 2,29.23,70.77,-41.54,R,true,,2024,-31.14
WY,District 1,23.24,70.61,-50.47,R,true,,2024,-47.34
