as_of,source,race,outcome,probability,url,is_seed
2026-10-05,polymarket,Georgia Senate 2026,Democrat,0.972,https://polymarket.com/event/georgia-senate-election-winner,false
2026-10-05,polymarket,Georgia Senate 2026,Republican,0.0295,https://polymarket.com/event/georgia-senate-election-winner,false
2026-10-05,polymarket,Michigan Senate 2026,Democrat,0.725,https://polymarket.com/event/michigan-senate-election-winner,false
2026-10-05,polymarket,Michigan Senate 2026,Republican,0.27,https://polymarket.com/event/michigan-senate-election-winner,false
2026-10-05,polymarket,North Carolina Senate 2026,Democrat,0.961,https://polymarket.com/event/north-carolina-senate-election-winner,false
2026-10-05,polymarket,North Carolina Senate 2026,Republican,0.0385,https://polymarket.com/event/north-carolina-senate-election-winner,false
2026-10-05,polymarket,Maine Senate 2026,Democrat,0.83,https://polymarket.com/event/which-party-will-win-the-maine-state-senate-in-2026,false
2026-10-05,polymarket,Maine Senate 2026,Republican,0.145,https://polymarket.com/event/which-party-will-win-the-maine-state-senate-in-2026,false
2026-10-05,polymarket,New Hampshire Senate 2026,Democrat,0.865,https://polymarket.com/event/new-hampshire-senate-election-winner,false
2026-10-05,polymarket,New Hampshire Senate 2026,Republican,0.14,https://polymarket.com/event/new-hampshire-senate-election-winner,false
2026-10-05,polymarket,Ohio Senate 2026,Democrat,0.615,https://polymarket.com/event/ohio-senate-election-winner,false
2026-10-05,polymarket,Ohio Senate 2026,Republican,0.385,https://polymarket.com/event/ohio-senate-election-winner,false
2026-10-05,polymarket,Texas Senate 2026,Democrat,0.0665,https://polymarket.com/event/which-party-will-win-the-texas-state-senate-in-2026,false
2026-10-05,polymarket,Texas Senate 2026,Republican,0.933,https://polymarket.com/event/which-party-will-win-the-texas-state-senate-in-2026,false
2026-10-05,polymarket,Iowa Senate 2026,Democrat,0.415,https://polymarket.com/event/iowa-senate-election-winner,false
2026-10-05,polymarket,Iowa Senate 2026,Republican,0.575,https://polymarket.com/event/iowa-senate-election-winner,false
2026-10-05,polymarket,senate-control-2026,Democrat,0.675,https://polymarket.com/event/which-party-will-win-the-senate-in-2026,false
2026-10-05,polymarket,senate-control-2026,Republican,0.335,https://polymarket.com/event/which-party-will-win-the-senate-in-2026,false
