state,pres_2020,pres_2024,national_2020,national_2024,source
AL,-25.5,-30.5,4.5,-1.5,hand-entered Oct 2026 from certified results (D-minus-R, pts); verify
AK,-10.1,-13.1,4.5,-1.5,hand-entered Oct 2026 from certified results (D-minus-R, pts); verify
AZ,0.3,-5.5,4.5,-1.5,hand-entered Oct 2026 from certified results (D-minus-R, pts); verify
AR,-27.6,-30.6,4.5,-1.5,hand-entered Oct 2026 from certified results (D-minus-R, pts); verify
CA,29.2,20.2,4.5,-1.5,hand-entered Oct 2026 from certified results (D-minus-R, pts); verify
CO,13.5,11.0,4.5,-1.5,hand-entered Oct 2026 from certified results (D-minus-R, pts); verify
CT,20.0,14.5,4.5,-1.5,hand-entered Oct 2026 from certified results (D-minus-R, pts); verify
DE,19.0,14.8,4.5,-1.5,hand-entered Oct 2026 from certified results (D-minus-R, pts); verify
DC,86.8,86.4,4.5,-1.5,hand-entered Oct 2026 from certified results (D-minus-R, pts); verify
FL,-3.4,-13.1,4.5,-1.5,hand-entered Oct 2026 from certified results (D-minus-R, pts); verify
GA,0.2,-2.2,4.5,-1.5,hand-entered Oct 2026 from certified results (D-minus-R, pts); verify
HI,29.5,23.1,4.5,-1.5,hand-entered Oct 2026 from certified results (D-minus-R, pts); verify
ID,-30.8,-36.5,4.5,-1.5,hand-entered Oct 2026 from certified results (D-minus-R, pts); verify
IL,17.0,10.9,4.5,-1.5,hand-entered Oct 2026 from certified results (D-minus-R, pts); verify
IN,-16.1,-19.0,4.5,-1.5,hand-entered Oct 2026 from certified results (D-minus-R, pts); verify
IA,-8.2,-13.2,4.5,-1.5,hand-entered Oct 2026 from certified results (D-minus-R, pts); verify
KS,-14.6,-16.2,4.5,-1.5,hand-entered Oct 2026 from certified results (D-minus-R, pts); verify
KY,-25.9,-30.5,4.5,-1.5,hand-entered Oct 2026 from certified results (D-minus-R, pts); verify
LA,-18.6,-22.1,4.5,-1.5,hand-entered Oct 2026 from certified results (D-minus-R, pts); verify
ME,9.1,6.9,4.5,-1.5,hand-entered Oct 2026 from certified results (D-minus-R, pts); verify
MD,33.2,28.9,4.5,-1.5,hand-entered Oct 2026 from certified results (D-minus-R, pts); verify
MA,33.5,25.1,4.5,-1.5,hand-entered Oct 2026 from certified results (D-minus-R, pts); verify
MI,2.8,-1.4,4.5,-1.5,hand-entered Oct 2026 from certified results (D-minus-R, pts); verify
MN,7.1,4.2,4.5,-1.5,hand-entered Oct 2026 from certified results (D-minus-R, pts); verify
MS,-16.5,-22.9,4.5,-1.5,hand-entered Oct 2026 from certified results (D-minus-R, pts); verify
MO,-15.4,-18.4,4.5,-1.5,hand-entered Oct 2026 from certified results (D-minus-R, pts); verify
MT,-16.4,-19.9,4.5,-1.5,hand-entered Oct 2026 from certified results (D-minus-R, pts); verify
NE,-19.1,-20.5,4.5,-1.5,hand-entered Oct 2026 from certified results (D-minus-R, pts); verify
NV,2.4,-3.1,4.5,-1.5,hand-entered Oct 2026 from certified results (D-minus-R, pts); verify
NH,7.4,2.8,4.5,-1.5,hand-entered Oct 2026 from certified results (D-minus-R, pts); verify
NJ,15.9,5.9,4.5,-1.5,hand-entered Oct 2026 from certified results (D-minus-R, pts); verify
NM,10.8,6.0,4.5,-1.5,hand-entered Oct 2026 from certified results (D-minus-R, pts); verify
NY,23.1,12.6,4.5,-1.5,hand-entered Oct 2026 from certified results (D-minus-R, pts); verify
NC,-1.3,-3.3,4.5,-1.5,hand-entered Oct 2026 from certified results (D-minus-R, pts); verify
ND,-33.4,-36.4,4.5,-1.5,hand-entered Oct 2026 from certified results (D-minus-R, pts); verify
OH,-8.0,-11.2,4.5,-1.5,hand-entered Oct 2026 from certified results (D-minus-R, pts); verify
OK,-33.1,-34.1,4.5,-1.5,hand-entered Oct 2026 from certified results (D-minus-R, pts); verify
OR,16.1,14.4,4.5,-1.5,hand-entered Oct 2026 from certified results (D-minus-R, pts); verify
PA,1.2,-1.7,4.5,-1.5,hand-entered Oct 2026 from certified results (D-minus-R, pts); verify
RI,20.8,13.8,4.5,-1.5,hand-entered Oct 2026 from certified results (D-minus-R, pts); verify
SC,-11.7,-18.0,4.5,-1.5,hand-entered Oct 2026 from certified results (D-minus-R, pts); verify
SD,-26.2,-29.3,4.5,-1.5,hand-entered Oct 2026 from certified results (D-minus-R, pts); verify
TN,-23.2,-29.9,4.5,-1.5,hand-entered Oct 2026 from certified results (D-minus-R, pts); verify
TX,-5.6,-13.6,4.5,-1.5,hand-entered Oct 2026 from certified results (D-minus-R, pts); verify
UT,-20.5,-21.6,4.5,-1.5,hand-entered Oct 2026 from certified results (D-minus-R, pts); verify
VT,35.4,32.0,4.5,-1.5,hand-entered Oct 2026 from certified results (D-minus-R, pts); verify
VA,10.1,5.8,4.5,-1.5,hand-entered Oct 2026 from certified results (D-minus-R, pts); verify
WA,19.2,18.6,4.5,-1.5,hand-entered Oct 2026 from certified results (D-minus-R, pts); verify
WV,-38.9,-41.9,4.5,-1.5,hand-entered Oct 2026 from certified results (D-minus-R, pts); verify
WI,0.6,-0.9,4.5,-1.5,hand-entered Oct 2026 from certified results (D-minus-R, pts); verify
WY,-43.4,-45.8,4.5,-1.5,hand-entered Oct 2026 from certified results (D-minus-R, pts); verify
