Date Range,Grade,Pollster,Sponsor,Sample Size,Sample Type,Population,Weight,Leading Result,Leading %,Trailing Result,Trailing %,Spread
May. 11-15,A,The New York Times/Siena College,,1507,R,V,0.94,Disapprove,59%,Approve,37%,Disapprove +22
May. 13-15,B,YouGov,CBS News,2064,A,,0.26,Disapprove,63%,Approve,37%,Disapprove +26
May. 9-11,B,YouGov,The Economist,1410,R,V,0.25,Disapprove,57%,Approve,41%,Disapprove +16
May. 8-11,D,Ipsos,Reuters,1254,A,,0.30,Disapprove,63%,Approve,36%,Disapprove +27
May. 4-7,B,AtlasIntel,,2069,A,,0.76,Disapprove,60%,Approve,40%,Disapprove +20
May. 1-5,D,Focaldata,Financial Times,3167,R,V,0.54,Disapprove,54%,Approve,39%,Disapprove +15
Apr. 29-May. 5,-,HarrisX,Forbes,1891,L,V,0.60,Disapprove,55%,Approve,44%,Disapprove +11
Apr. 30-May. 4,C,CNN/SSRS,,,,R,V,0.59,Disapprove,63%,Approve,36%,Disapprove +27
May. 1-4,B,YouGov,The Economist,1409,R,V,0.20,Disapprove,58%,Approve,40%,Disapprove +18
Apr. 30-May. 3,-,Morning Consult,,2200,R,V,0.31,Disapprove,53%,Approve,44%,Disapprove +9
Apr. 28-May. 1,C,TIPP Insights,Issues & Insights,1464,A,,0.48,Disapprove,54%,Approve,38%,Disapprove +16
Apr. 27-30,A,Marist University,,1155,R,V,0.56,Disapprove,59%,Approve,39%,Disapprove +20
Apr. 24-28,D,Ipsos,The Washington Post/ABC News,2059,R,V,0.16,Disapprove,60%,Approve,39%,Disapprove +21
Apr. 25-28,-,Big Data Poll,,2874,L,V,0.34,Disapprove,57%,Approve,41%,Disapprove +16
Apr. 27,-,Tavern Research,,528,L,V,0.23,Disapprove,60%,Approve,37%,Disapprove +23
Apr. 26-27,B,InsiderAdvantage,,800,L,V,0.30,Disapprove,49%,Approve,44%,Disapprove +5
Apr. 23-27,-,Global Strategy Group,Navigator Research,1000,R,V,0.28,Disapprove,58%,Approve,40%,Disapprove +18
Apr. 24-27,D,Ipsos,Reuters,1014,R,V,0.14,Disapprove,62%,Approve,37%,Disapprove +25
Apr. 24-27,B,YouGov,The Economist,1647,R,V,0.08,Disapprove,57%,Approve,40%,Disapprove +17
Apr. 24-27,-,Morning Consult,,2201,R,V,0.17,Disapprove,53%,Approve,45%,Disapprove +8
Apr. 20-26,-,Pew Research Center,,5103,A,,0.17,Disapprove,64%,Approve,34%,Disapprove +30
Apr. 24-26,B,Emerson College,,1000,L,V,0.22,Disapprove,56%,Approve,40%,Disapprove +16
Apr. 23-26,C,HarrisX/Harris,Harvard CAPS,,L,V,0.18,Disapprove,51%,Approve,46%,Disapprove +5
Apr. 15-24,-,Clarity Campaign Labs,,1000,L,V,0.12,Disapprove,55%,Approve,43%,Disapprove +12
Apr. 20-23,-,The Argument/Verasight,,1516,R,V,0.10,Disapprove,60%,Approve,39%,Disapprove +21
Apr. 21-23,B,Quantus Insights,,1452,L,V,0.11,Disapprove,56%,Approve,43%,Disapprove +13
Apr. 17-20,-,Leger,338Canada/Maintenant Media,1004,A,,0.04,Disapprove,53%,Approve,36%,Disapprove +17
Apr. 17-20,A,Beacon Research/Shaw & Co. Research,Fox News,1001,R,V,0.08,Disapprove,58%,Approve,42%,Disapprove +16
Apr. 16-20,-,AP-NORC,,2596,A,,0.05,Disapprove,67%,Approve,33%,Disapprove +34
Apr. 16-20,-,American Research Group,,1010,R,V,0.03,Disapprove,64%,Approve,32%,Disapprove +32
Apr. 17-20,A,Echelon Insights,,1012,L,V,0.03,Disapprove,57%,Approve,41%,Disapprove +16
Apr. 17-20,B,YouGov,The Economist,1553,R,V,0.01,Disapprove,56%,Approve,41%,Disapprove +15
Apr. 15-20,-,Angus Reid Global,,1490,A,,0.07,Disapprove,59%,Approve,35%,Disapprove +24
Apr. 15-20,D,Ipsos,Reuters,4557,A,,0.02,Disapprove,62%,Approve,36%,Disapprove +26
Apr. 17-20,-,Morning Consult,,2203,R,V,0.03,Disapprove,53%,Approve,44%,Disapprove +9
Apr. 15-19,-,Morning Consult,Deseret News/University of Utah,2057,R,V,0.02,Disapprove,54%,Approve,42%,Disapprove +12
Apr. 15-19,A,Hart Research Associates/Public Opinion Strategies,CNBC,1000,R,V,0.04,Disapprove,58%,Approve,40%,Disapprove +18
Apr. 14-19,B,YouGov,,2232,A,,0.01,Disapprove,57%,Approve,38%,Disapprove +19
Apr. 17-18,-,John Zogby Strategies,,1001,L,V,0.03,Disapprove,55%,Approve,43%,Disapprove +12
Apr. 8-16,A+,Marquette University Law School,,870,R,V,0.03,Disapprove,59%,Approve,41%,Disapprove +18
Apr. 8-15,-,GBAO Strategies,Third Way,2000,R,V,0.02,Disapprove,60%,Approve,39%,Disapprove +21
Apr. 10-14,-,Verasight,,1386,R,V,0.02,Disapprove,61%,Approve,37%,Disapprove +24
Apr. 8-13,-,Survey 160,,1539,R,V,0.02,Disapprove,60%,Approve,37%,Disapprove +23
Mar. 30-Apr. 13,-,SurveyMonkey,NBC News Decision Desk,32433,A,,0.01,Disapprove,63%,Approve,37%,Disapprove +26
Apr. 9-13,D,Quinnipiac University,,1028,R,V,0.01,Disapprove,55%,Approve,38%,Disapprove +17
Apr. 10-13,B,YouGov,The Economist,1573,R,V,0.01,Disapprove,58%,Approve,41%,Disapprove +17
Apr. 8-10,B,YouGov,CBS News,2387,A,,0.00,Disapprove,61%,Approve,39%,Disapprove +22
Apr. 3-9,A,Echelon Insights,,2880,L,V,0.01,Disapprove,56%,Approve,43%,Disapprove +13
Apr. 6-9,-,Morning Consult,,2200,R,V,0.01,Disapprove,53%,Approve,44%,Disapprove +9
Apr. 8,B,J.L. Partners,DailyMail.com,1013,R,V,0.01,Disapprove,52%,Approve,39%,Disapprove +13
Apr. 3-7,C,Change Research,,2702,R,V,0.01,Disapprove,56%,Approve,42%,Disapprove +14
Apr. 1-7,-,Morning Consult,,45000,A,,0.01,Disapprove,55%,Approve,39%,Disapprove +16
Apr. 2-6,-,Global Strategy Group,Navigator Research,1000,R,V,0.01,Disapprove,58%,Approve,40%,Disapprove +18
Apr. 3-6,B,YouGov,The Economist,1560,R,V,0.00,Disapprove,56%,Approve,41%,Disapprove +15
Mar. 31-Apr. 2,C,TIPP Insights,Issues & Insights,1464,A,,0.01,Disapprove,53%,Approve,39%,Disapprove +14
Mar. 26-30,-,University of Massachusetts Lowell/YouGov,,1000,A,,0.00,Disapprove,61%,Approve,39%,Disapprove +22
Mar. 26-30,-,Lake Research Partners,Free Speech For People,800,L,V,0.00,Disapprove,57%,Approve,38%,Disapprove +19
Mar. 26-30,C,CNN/SSRS,,,R,V,0.00,Disapprove,62%,Approve,38%,Disapprove +24
Mar. 27-30,B,YouGov,The Economist,1505,R,V,0.00,Disapprove,58%,Approve,39%,Disapprove +19
Mar. 27-29,-,Morning Consult,,2203,R,V,0.00,Disapprove,54%,Approve,43%,Disapprove +11
Mar. 25-26,C,HarrisX/Harris,Harvard CAPS,,L,V,0.00,Disapprove,52%,Approve,46%,Disapprove +6
Mar. 25-26,B,Quantus Insights,,1472,L,V,0.00,Disapprove,57%,Approve,42%,Disapprove +14
Mar. 20-25,D,University of Massachusetts/YouGov,,1000,A,,0.00,Disapprove,62%,Approve,33%,Disapprove +29
Mar. 23-24,B,J.L. Partners,DailyMail.com,1019,R,V,0.00,Disapprove,54%,Approve,46%,Disapprove +8
Mar. 22-24,-,Big Data Poll,Public Polling Project,3003,R,V,0.00,Disapprove,56%,Approve,42%,Disapprove +14
Mar. 9-23,-,Yale Youth Poll,,3429,R,V,0.00,Disapprove,56%,Approve,42%,Disapprove +14
Mar. 20-23,A,Beacon Research/Shaw & Co. Research,Fox News,1001,R,V,0.00,Disapprove,59%,Approve,41%,Disapprove +18
Mar. 19-23,D,Quinnipiac University,,1191,R,V,0.00,Disapprove,56%,Approve,38%,Disapprove +18
Mar. 20-23,-,AP-NORC,,1150,A,,0.00,Disapprove,60%,Approve,38%,Disapprove +22
Mar. 16-20,-,American Research Group,,1008,R,V,0.00,Disapprove,63%,Approve,34%,Disapprove +29
Mar. 18-20,B,J.L. Partners,,1037,R,V,0.00,Disapprove,53%,Approve,39%,Disapprove +14
Mar. 17-20,B,YouGov,CBS News,3335,A,,0.00,Disapprove,60%,Approve,40%,Disapprove +20
Mar. 17-19,D,Ipsos,Reuters,1545,A,,0.00,Disapprove,58%,Approve,40%,Disapprove +18
Mar. 17-18,-,John Zogby Strategies,,1000,L,V,0.00,Disapprove,54%,Approve,44%,Disapprove +10
Mar. 17-18,B,Quantus Insights,,1053,L,V,0.00,Disapprove,55%,Approve,44%,Disapprove +11
Mar. 16-18,-,Tavern Research,Searchlight Institute,1531,L,V,0.00,Disapprove,55%,Approve,41%,Disapprove +14
Mar. 15-17,-,The Winston Group,Winning the Issues,1000,R,V,0.00,Disapprove,58%,Approve,37%,Disapprove +21
Mar. 12-17,-,The Argument/Verasight,,,L,V,0.00,Disapprove,58%,Approve,40%,Disapprove +18
Mar. 16-17,B,Emerson College,,1000,L,V,0.00,Disapprove,51%,Approve,42%,Disapprove +10
Mar. 13-16,B,YouGov,The Economist,1429,R,V,0.00,Disapprove,56%,Approve,41%,Disapprove +15
Mar. 13-16,-,Morning Consult,,2201,R,V,0.00,Disapprove,54%,Approve,43%,Disapprove +11
Mar. 12-16,A,Echelon Insights,,1033,L,V,0.00,Disapprove,57%,Approve,41%,Disapprove +16
Mar. 9-15,-,Survey 160,,1546,R,V,0.00,Disapprove,59%,Approve,38%,Disapprove +21
Mar. 6-10,D,Focaldata,,1534,R,V,0.00,Disapprove,51%,Approve,39%,Disapprove +12
Mar. 6-9,B,YouGov,The Economist,1405,R,V,0.00,Disapprove,54%,Approve,43%,Disapprove +11
Mar. 6-8,-,Morning Consult,,2202,R,V,0.00,Disapprove,53%,Approve,44%,Disapprove +9
Mar. 6-8,D,Quinnipiac University,,1002,R,V,0.00,Disapprove,57%,Approve,37%,Disapprove +20
Mar. 2-8,-,Morning Consult,,45000,A,,0.00,Disapprove,55%,Approve,39%,Disapprove +16
Feb. 26-Mar. 7,-,Clarity Campaign Labs,,1004,L,V,0.00,Disapprove,53%,Approve,43%,Disapprove +10
Mar. 2-5,-,Schoen Cooperman Research,Israel On Campus Coalition,800,A,,0.00,Disapprove,54%,Approve,39%,Disapprove +15
Mar. 2-5,D,Noble Predictive Insights,The Center Square,2659,R,V,0.00,Disapprove,52%,Approve,46%,Disapprove +6
Mar. 2-5,-,Angus Reid Global,,1529,A,,0.00,Disapprove,56%,Approve,36%,Disapprove +20
Mar. 2-4,A,Marist University,NPR/PBS News,1392,R,V,0.00,Disapprove,57%,Approve,40%,Disapprove +17
Mar. 2-4,-,Angus Reid Global,,1215,A,,0.00,Disapprove,58%,Approve,35%,Disapprove +23
Feb. 27-Mar. 3,A,Hart Research Associates/Public Opinion Strategies,NBC News,1000,R,V,0.00,Disapprove,54%,Approve,44%,Disapprove +10
Mar. 2-3,B,OnMessage,,1800,L,V,0.00,Disapprove,54%,Approve,45%,Disapprove +9
Mar. 2-3,B,J.L. Partners,DailyMail.com,1022,R,V,0.00,Disapprove,50%,Approve,39%,Disapprove +11
Mar. 2-3,B,Quantus Insights,,1624,L,V,0.00,Disapprove,54%,Approve,45%,Disapprove +9
Feb. 27-Mar. 2,B,YouGov,The Economist,1366,R,V,0.00,Disapprove,56%,Approve,42%,Disapprove +14
Feb. 28-Mar. 2,A,Beacon Research/Shaw & Co. Research,,1004,R,V,0.00,Disapprove,57%,Approve,43%,Disapprove +14
Feb. 28-Mar. 1,D,Ipsos,Reuters,1282,A,,0.00,Disapprove,60%,Approve,38%,Disapprove +22
Feb. 28,-,Morning Consult,,1618,R,V,0.00,Disapprove,53%,Approve,44%,Disapprove +9
Feb. 25-27,B,J.L. Partners,DailyMail.com,1097,R,V,0.00,Disapprove,47%,Approve,44%,Disapprove +3
Feb. 24-27,C,TIPP Insights,Issues & Insights,1456,A,,0.00,Disapprove,51%,Approve,40%,Disapprove +11
Feb. 25-27,B,YouGov,CBS News,2264,A,,0.00,Disapprove,59%,Approve,41%,Disapprove +18
Feb. 25-26,C,HarrisX/Harris,Harvard CAPS,,L,V,0.00,Approve,50%,Disapprove,47%,Approve +3
Feb. 25-26,-,John Zogby Strategies,,1015,L,V,0.00,Disapprove,50%,Approve,47%,Disapprove +3
Feb. 21-24,-,Grayhouse,America One Policies,1193,R,V,0.00,Approve,51%,Disapprove,48%,Approve +3
Feb. 20-23,B,YouGov,The Economist,1402,R,V,0.00,Disapprove,57%,Approve,42%,Disapprove +15
Feb. 19-23,-,Global Strategy Group,Navigator Research,1000,R,V,0.00,Disapprove,58%,Approve,41%,Disapprove +17
Feb. 18-23,D,Ipsos,Reuters,4638,A,,0.00,Disapprove,58%,Approve,40%,Disapprove +18
Feb. 19-23,A,Echelon Insights,,1002,L,V,0.00,Disapprove,55%,Approve,44%,Disapprove +11
Feb. 21-22,B,Emerson College,,1000,L,V,0.00,Disapprove,55%,Approve,43%,Disapprove +12
Feb. 20-22,-,Morning Consult,,2202,R,V,0.00,Disapprove,53%,Approve,45%,Disapprove +8
Feb. 18-20,-,Verasight,Strength In Numbers,1401,R,V,0.00,Disapprove,60%,Approve,38%,Disapprove +22
Feb. 16-20,-,American Research Group,,1000,R,V,0.00,Disapprove,62%,Approve,36%,Disapprove +26
Feb. 17-20,C,CNN/SSRS,,,R,V,0.00,Disapprove,61%,Approve,39%,Disapprove +22
Feb. 13-19,-,Talker Research,Scripps News,1000,A,,0.00,Disapprove,47%,Approve,44%,Disapprove +3
Feb. 5-18,C,Change Research,,1741,R,V,0.00,Disapprove,55%,Approve,43%,Disapprove +12
Feb. 13-18,-,Bowling Green State University/YouGov,,1200,R,V,0.00,Disapprove,58%,Approve,41%,Disapprove +17
Feb. 16-18,-,Big Data Poll,1776 Law Center,1805,L,V,0.00,Disapprove,55%,Approve,44%,Disapprove +11
Feb. 17-18,B,InsiderAdvantage,,800,L,V,0.00,Approve,50%,Disapprove,46%,Approve +4
Feb. 12-17,D,Ipsos,The Washington Post/ABC News,2087,R,V,0.00,Disapprove,58%,Approve,41%,Disapprove +17
Feb. 13-16,-,Morning Consult,,2200,R,V,0.00,Disapprove,55%,Approve,43%,Disapprove +12
Feb. 13-16,B,YouGov,The Economist,1512,R,V,0.00,Disapprove,55%,Approve,43%,Disapprove +12
Feb. 13-16,D,Ipsos,Reuters,1117,A,,0.00,Disapprove,60%,Approve,38%,Disapprove +22
Feb. 10-13,-,Morning Consult,Deseret News/University of Utah,2002,R,V,0.00,Disapprove,55%,Approve,42%,Disapprove +13
Feb. 12-13,B,Quantus Insights,,1515,L,V,0.00,Disapprove,56%,Approve,43%,Disapprove +13
Feb. 9-12,B,YouGov,Yahoo News,1149,R,V,0.00,Disapprove,56%,Approve,42%,Disapprove +14
Feb. 4-10,-,The Argument/Verasight,,3003,R,V,0.00,Disapprove,57%,Approve,42%,Disapprove +15
Feb. 10,D,Focaldata,,1148,A,,0.00,Disapprove,53%,Approve,34%,Disapprove +19
Feb. 6-9,-,GBAO Strategies,,1000,R,V,0.00,Disapprove,57%,Approve,43%,Disapprove +14
Feb. 6-9,-,Morning Consult,,2200,R,V,0.00,Disapprove,53%,Approve,44%,Disapprove +9
Feb. 6-9,B,YouGov,The Economist,1551,R,V,0.00,Disapprove,57%,Approve,40%,Disapprove +17
Feb. 5-8,-,AP-NORC,,1156,A,,0.00,Disapprove,62%,Approve,36%,Disapprove +26
Feb. 2-8,-,Morning Consult,,45000,A,,0.00,Disapprove,54%,Approve,40%,Disapprove +14
Jan. 27-Feb. 6,-,SurveyMonkey,NBC News Decision Desk,21995,A,,0.00,Disapprove,61%,Approve,39%,Disapprove +22
Feb. 4-5,-,John Zogby Strategies,,1000,L,V,0.00,Disapprove,54%,Approve,44%,Disapprove +10
Jan. 29-Feb. 2,D,Quinnipiac University,,1191,R,V,0.00,Disapprove,56%,Approve,37%,Disapprove +19
Jan. 30-Feb. 2,B,YouGov,The Economist,1504,R,V,0.00,Disapprove,55%,Approve,42%,Disapprove +13
Jan. 31-Feb. 1,B,InsiderAdvantage,,1000,L,V,0.00,Approve,50%,Disapprove,49%,Approve +1
Jan. 29-Feb. 1,-,Global Strategy Group,Navigator Research,1000,R,V,0.00,Disapprove,56%,Approve,41%,Disapprove +15
Jan. 30-Feb. 1,-,Morning Consult,,2201,R,V,0.00,Disapprove,53%,Approve,45%,Disapprove +8
Jan. 27-30,A,Marist University,NPR/PBS News,1326,R,V,0.00,Disapprove,57%,Approve,39%,Disapprove +18
Jan. 29-30,-,Public Policy Polling,,652,R,V,0.00,Disapprove,56%,Approve,39%,Disapprove +17
Jan. 28-29,C,HarrisX/Harris Poll,Harvard CAPS,2000,R,V,0.00,Disapprove,51%,Approve,45%,Disapprove +6
Jan. 27-29,C,TIPP Insights,Issues & Insights,1384,A,,0.00,Disapprove,51%,Approve,40%,Disapprove +11
Jan. 21-28,A+,Marquette University Law School,,869,R,V,0.00,Disapprove,57%,Approve,43%,Disapprove +14
Jan. 26-27,-,The Argument/Verasight,,1515,R,V,0.00,Disapprove,57%,Approve,42%,Disapprove +15
Jan. 23-26,D,Focaldata,,2037,A,,0.00,Disapprove,51%,Approve,37%,Disapprove +14
Jan. 20-26,-,Pew Research Center,,8512,A,,0.00,Disapprove,61%,Approve,37%,Disapprove +24
Jan. 23-26,A,Beacon Research/Shaw & Co. Research,Fox News,1005,R,V,0.00,Disapprove,56%,Approve,44%,Disapprove +12
Jan. 26,B,J.L. Partners,,1037,R,V,0.00,Disapprove,51%,Approve,41%,Disapprove +10
Jan. 23-26,-,Tavern Research,Searchlight Institute,1508,L,V,0.00,Disapprove,56%,Approve,42%,Disapprove +14
Jan. 23-26,B,YouGov,The Economist,1520,R,V,0.00,Disapprove,57%,Approve,41%,Disapprove +16
Jan. 22-26,A,Echelon Insights,,1029,L,V,0.00,Disapprove,57%,Approve,41%,Disapprove +16
Jan. 23-25,D,Ipsos,Reuters,1139,A,,0.00,Disapprove,59%,Approve,38%,Disapprove +21
Jan. 23-25,-,Morning Consult,,2201,R,V,0.00,Disapprove,51%,Approve,46%,Disapprove +5
Jan. 24,-,Tavern Research,,506,L,V,0.00,Disapprove,56%,Approve,42%,Disapprove +14
Jan. 22-24,-,Big Data Poll,Public Polling Project,3820,R,V,0.00,Disapprove,52%,Approve,45%,Disapprove +7
Jan. 15-22,-,Clarity Campaign Labs,,1147,L,V,0.00,Disapprove,56%,Approve,43%,Disapprove +13
Jan. 16-22,B,YouGov,,2226,A,,0.00,Disapprove,58%,Approve,38%,Disapprove +20
Jan. 20-22,B,Quantus Insights,,1000,R,V,0.00,Disapprove,52%,Approve,44%,Disapprove +8
Jan. 17-21,-,Tavern Research,Searchlight Institute,2997,L,V,0.00,Disapprove,53%,Approve,44%,Disapprove +9
Jan. 14-20,-,Verasight,Strength In Numbers,1532,A,,0.00,Disapprove,58%,Approve,40%,Disapprove +18
Jan. 16-20,-,Angus Reid Global,,1838,A,,0.00,Disapprove,56%,Approve,37%,Disapprove +19
Jan. 16-20,-,American Research Group,,1100,A,,0.00,Disapprove,63%,Approve,35%,Disapprove +28
Jan. 17-19,B,Emerson College,,1000,L,V,0.00,Disapprove,51%,Approve,43%,Disapprove +8
Jan. 16-19,B,YouGov,The Economist,1549,R,V,0.00,Disapprove,56%,Approve,41%,Disapprove +15
Jan. 16-18,B,YouGov,,1095,A,,0.00,Disapprove,57%,Approve,39%,Disapprove +18
Jan. 16-18,-,Morning Consult,,2201,R,V,0.00,Disapprove,51%,Approve,46%,Disapprove +5
Jan. 12-17,A,The New York Times/Siena College,,1625,R,V,0.00,Disapprove,56%,Approve,40%,Disapprove +16
Jan. 14-16,B,YouGov,CBS News,2523,A,,0.00,Disapprove,59%,Approve,41%,Disapprove +18
Jan. 13-15,A,Research Co.,,1002,A,,0.00,Disapprove,53%,Approve,42%,Disapprove +11
Jan. 13-14,-,Public Policy Polling,Progress Action Fund,597,R,V,0.00,Disapprove,52%,Approve,44%,Disapprove +8
Jan. 8-13,-,Impact Research/National Research,The Wall Street Journal,1500,R,V,0.00,Disapprove,54%,Approve,45%,Disapprove +9
Jan. 12-13,A,Marist College,,1222,R,V,0.00,Disapprove,57%,Approve,39%,Disapprove +18
Jan. 12-13,D,Ipsos,Reuters,1217,A,,0.00,Disapprove,58%,Approve,41%,Disapprove +17
Jan. 8-12,-,The Winston Group,Winning the Issues,1000,R,V,0.00,Disapprove,52%,Approve,40%,Disapprove +12
Jan. 9-12,C,CNN/SSRS,,,R,V,0.00,Disapprove,59%,Approve,40%,Disapprove +19
Jan. 8-12,-,Global Strategy Group,Navigator Research,1000,R,V,0.00,Disapprove,56%,Approve,42%,Disapprove +14
Jan. 8-12,D,Quinnipiac University,,1133,R,V,0.00,Disapprove,54%,Approve,40%,Disapprove +14
Jan. 8-12,B,YouGov,Yahoo News,1149,R,V,0.00,Disapprove,56%,Approve,43%,Disapprove +13
Jan. 9-12,B,YouGov,The Economist,1437,R,V,0.00,Disapprove,54%,Approve,44%,Disapprove +10
Jan. 9-12,-,Morning Consult,,2201,R,V,0.00,Disapprove,53%,Approve,45%,Disapprove +8
Jan. 9-11,-,RealClear Opinion Research,Unite America,1500,R,V,0.00,Disapprove,50%,Approve,40%,Disapprove +10
Jan. 8-11,-,AP-NORC,,1203,A,,0.00,Disapprove,59%,Approve,40%,Disapprove +19
Jan. 6-9,C,TIPP Insights,Issues & Insights,1478,A,,0.00,Disapprove,51%,Approve,40%,Disapprove +11
Jan. 2-7,-,Zogby Analytics,,891,L,V,0.00,Disapprove,55%,Approve,44%,Disapprove +12
Jan. 5-7,B,YouGov,CBS News,2325,A,,0.00,Disapprove,59%,Approve,41%,Disapprove +18
Jan. 2-5,B,YouGov,The Economist,1389,R,V,0.00,Disapprove,55%,Approve,43%,Disapprove +12
Jan. 4-5,D,Ipsos,Reuters,1248,A,,0.00,Disapprove,56%,Approve,42%,Disapprove +14
Dec. 29-Jan. 4,-,Morning Consult,,45000,A,,0.00,Disapprove,51%,Approve,43%,Disapprove +8
Jan. 2-4,-,Morning Consult,,2201,R,V,0.00,Disapprove,51%,Approve,46%,Disapprove +5
Dec. 30-Jan. 3,D,The Bullfinch Group,The Independent Center,1000,R,V,0.00,Disapprove,57%,Approve,40%,Disapprove +17
Dec. 26-29,B,YouGov,The Economist,1420,R,V,0.00,Disapprove,55%,Approve,42%,Disapprove +13
Dec. 26-28,-,Big Data Poll,Public Polling Project,3412,L,V,0.00,Disapprove,50%,Approve,47%,Disapprove +2
Dec. 20-22,B,YouGov,The Economist,1425,R,V,0.00,Disapprove,56%,Approve,42%,Disapprove +14
Dec. 20-21,B,J.L. Partners,DailyMail.com,1000,R,V,0.00,Disapprove,47%,Approve,43%,Disapprove +4
Dec. 19-21,-,Morning Consult,,2203,R,V,0.00,Disapprove,52%,Approve,45%,Disapprove +7
Dec. 17-20,-,American Research Group,,999,R,V,0.00,Disapprove,62%,Approve,35%,Disapprove +27
Dec. 19-20,B,InsiderAdvantage,,800,L,V,0.00,Approve,50%,Disapprove,41%,Approve +9
Dec. 12-19,-,McLaughlin & Associates,,1000,L,V,0.00,Approve,50%,Disapprove,47%,Approve +3
Dec. 17-19,B,YouGov,CBS News,2300,A,,0.00,Disapprove,59%,Approve,41%,Disapprove +18
Dec. 15-19,B,AtlasIntel,,2315,A,,0.00,Disapprove,60%,Approve,39%,Disapprove +20
Dec. 9-17,A,Susquehanna Polling & Research,,,R,V,0.00,Disapprove,56%,Approve,38%,Disapprove +18
Dec. 9-16,-,Echelon Insights/GBAO,AARP,2023,L,V,0.00,Disapprove,55%,Approve,44%,Disapprove +11
Dec. 15-16,B,Quantus Insights,,1000,L,V,0.00,Disapprove,53%,Approve,44%,Disapprove +9
Dec. 1-15,-,Gallup,,1016,A,,0.00,Disapprove,59%,Approve,36%,Disapprove +23
Dec. 12-15,A,Beacon Research/Shaw & Co. Research,Fox News,1001,R,V,0.00,Disapprove,56%,Approve,44%,Disapprove +12
Dec. 11-15,D,Quinnipiac University,,1035,R,V,0.00,Disapprove,54%,Approve,40%,Disapprove +14
Dec. 14-15,B,Emerson College,,1000,R,V,0.00,Disapprove,50%,Approve,41%,Disapprove +9
Dec. 12-15,B,YouGov,The Economist,1453,R,V,0.00,Disapprove,55%,Approve,43%,Disapprove +12
Dec. 11-15,A,Echelon Insights,,1011,L,V,0.00,Disapprove,55%,Approve,45%,Disapprove +10
Dec. 12-15,-,Morning Consult,,2201,R,V,0.00,Disapprove,52%,Approve,46%,Disapprove +6
Dec. 8-14,-,Morning Consult,,45000,A,,0.00,Disapprove,51%,Approve,43%,Disapprove +8
Dec. 13,-,Tavern Research,The Rainey Center,1247,L,V,0.00,Disapprove,54%,Approve,43%,Disapprove +11
Dec. 10-12,-,Big Data Poll,Public Polling Project,3004,R,V,0.00,Disapprove,50%,Approve,47%,Disapprove +3
Dec. 4-11,-,Clarity Campaign Labs,,1000,L,V,0.00,Disapprove,55%,Approve,44%,Disapprove +11
Dec. 8-11,A,Marist College,NPR/PBS News,1261,R,V,0.00,Disapprove,55%,Approve,40%,Disapprove +15
Dec. 9-10,-,Tavern Research,Searchlight Institute,1567,L,V,0.00,Disapprove,53%,Approve,45%,Disapprove +8
Dec. 4-8,A,Hart Research Associates/Public Opinion Strategies,CNBC,1000,A,,0.00,Disapprove,52%,Approve,45%,Disapprove +7
Nov. 20-Dec. 8,-,SurveyMonkey,NBC News Decision Desk,20252,A,,0.00,Disapprove,58%,Approve,42%,Disapprove +16
Dec. 4-8,-,Global Strategy Group,Navigator Research,1000,R,V,0.00,Disapprove,56%,Approve,42%,Disapprove +14
Dec. 4-8,-,AP-NORC,,1146,A,,0.00,Disapprove,61%,Approve,36%,Disapprove +25
Dec. 5-8,B,YouGov,The Economist,1380,R,V,0.00,Disapprove,54%,Approve,43%,Disapprove +11
Dec. 3-8,D,Ipsos,Reuters,4434,A,,0.00,Disapprove,57%,Approve,41%,Disapprove +16
Dec. 5-7,-,John Zogby Strategies,,1000,L,V,0.00,Disapprove,52%,Approve,46%,Disapprove +6
Dec. 5-7,-,Morning Consult,,2201,R,V,0.00,Disapprove,52%,Approve,45%,Disapprove +7
Dec. 3-5,B,J.L. Partners,DailyMail.com,1000,R,V,0.00,Disapprove,48%,Approve,44%,Disapprove +4
Dec. 4-5,B,Quantus Insights,,1000,R,V,0.00,Disapprove,53%,Approve,43%,Disapprove +10
Dec. 4,C,HarrisX/Harris Poll,Harvard CAPS,2204,R,V,0.00,Disapprove,49%,Approve,47%,Disapprove +2
Nov. 28-Dec. 1,-,Big Data Poll,Public Polling Project,2008,R,V,0.00,Disapprove,51%,Approve,45%,Disapprove +6
Nov. 28-Dec. 1,B,YouGov,The Economist,1456,R,V,0.00,Disapprove,56%,Approve,42%,Disapprove +14
Nov. 26-30,-,Morning Consult,,2200,R,V,0.00,Disapprove,52%,Approve,45%,Disapprove +7
Nov. 25-29,C,TIPP Insights,Issues & Insights,1483,A,,0.00,Disapprove,47%,Approve,43%,Disapprove +4
Nov. 19-26,-,GBAO Strategies,Third Way,2000,R,V,0.00,Disapprove,56%,Approve,43%,Disapprove +13
Nov. 21-25,D,The Bullfinch Group,,1000,R,V,0.00,Disapprove,54%,Approve,40%,Disapprove +14
Nov. 3-25,-,Gallup,,1321,A,,0.00,Disapprove,60%,Approve,36%,Disapprove +24
Nov. 20-24,B,YouGov,Yahoo News,1132,R,V,0.00,Disapprove,54%,Approve,44%,Disapprove +10
Nov. 21-24,B,YouGov,The Economist,1511,R,V,0.00,Disapprove,56%,Approve,43%,Disapprove +13
Nov. 21-23,-,Morning Consult,,2200,R,V,0.00,Disapprove,52%,Approve,45%,Disapprove +7
Nov. 18-21,B,Emerson College,Consensus Strategies,1000,R,V,0.00,Disapprove,55%,Approve,45%,Disapprove +10
Nov. 20-21,-,Big Data Poll,Public Polling Project,2005,R,V,0.00,Disapprove,50%,Approve,45%,Disapprove +5
Nov. 20-21,B,InsiderAdvantage,,800,L,V,0.00,Disapprove,49%,Approve,44%,Disapprove +5
Nov. 19-21,B,YouGov,CBS News,2489,A,,0.00,Disapprove,60%,Approve,40%,Disapprove +20
Nov. 17-20,-,American Research Group,,999,R,V,0.00,Disapprove,62%,Approve,35%,Disapprove +27
Nov. 19-20,B,J.L. Partners,DailyMail.com,1296,R,V,0.00,Disapprove,49%,Approve,41%,Disapprove +8
Nov. 15-17,-,The Winston Group,Winning the Issues,1000,R,V,0.00,Disapprove,57%,Approve,36%,Disapprove +21
Nov. 10-17,-,The Argument/Verasight,,1508,R,V,0.00,Disapprove,56%,Approve,42%,Disapprove +14
Nov. 14-17,A,Beacon Research/Shaw & Co. Research,Fox News,1005,R,V,0.00,Disapprove,58%,Approve,41%,Disapprove +17
Nov. 14-17,D,Ipsos,Reuters,1017,A,,0.00,Disapprove,60%,Approve,38%,Disapprove +22
Nov. 15-17,B,YouGov,The Economist,1382,R,V,0.00,Disapprove,56%,Approve,43%,Disapprove +13
Nov. 13-17,A,Echelon Insights,,1051,L,V,0.00,Disapprove,57%,Approve,42%,Disapprove +15
Nov. 14-16,-,Morning Consult,,2201,R,V,0.00,Disapprove,52%,Approve,46%,Disapprove +6
Nov. 10-14,-,High Point University Survey Research Center,,837,R,V,0.00,Disapprove,57%,Approve,38%,Disapprove +19
Nov. 12-14,-,Verasight,Strength In Numbers,2038,A,,0.00,Disapprove,57%,Approve,41%,Disapprove +16
Nov. 7-13,-,Morning Consult,Deseret News/University of Utah,1745,R,V,0.00,Disapprove,52%,Approve,43%,Disapprove +9
Nov. 10-13,A,Marist College,,1291,R,V,0.00,Disapprove,57%,Approve,40%,Disapprove +17
Nov. 6-12,-,Survey 160,,1513,R,V,0.00,Disapprove,61%,Approve,36%,Disapprove +25
Nov. 5-12,A+,Marquette University Law School,,1052,A,,0.00,Disapprove,57%,Approve,43%,Disapprove +14
Nov. 11-12,B,Quantus Insights,,1000,R,V,0.00,Disapprove,55%,Approve,43%,Disapprove +11
Nov. 7-12,D,Ipsos,Reuters,1200,A,,0.00,Disapprove,58%,Approve,40%,Disapprove +18
Nov. 6-12,-,Morning Consult,,45000,A,,0.00,Disapprove,52%,Approve,41%,Disapprove +11
Oct. 29-Nov. 11,-,Yale Youth Poll,,3426,R,V,0.00,Disapprove,55%,Approve,43%,Disapprove +12
Nov. 7-10,B,YouGov,The Economist,1500,R,V,0.00,Disapprove,55%,Approve,43%,Disapprove +12
Nov. 6-10,-,AP-NORC,,1143,A,,0.00,Disapprove,62%,Approve,36%,Disapprove +26
Nov. 7-9,-,Grayhouse,America One Policies,1475,R,V,0.00,Disapprove,53%,Approve,45%,Disapprove +8
Nov. 6-9,-,Global Strategy Group,Navigator Research,1000,R,V,0.00,Disapprove,58%,Approve,40%,Disapprove +18
Nov. 7-9,-,Morning Consult,,2201,R,V,0.00,Disapprove,54%,Approve,44%,Disapprove +10
Nov. 4-6,C,HarrisX/Harris Poll,Harvard CAPS,2000,R,V,0.00,Disapprove,51%,Approve,44%,Disapprove +7
Nov. 3-4,B,Emerson College,,1000,R,V,0.00,Disapprove,49%,Approve,41%,Disapprove +8
Nov. 1-3,-,Global Strategy Group,Navigator Research,1000,R,V,0.00,Disapprove,56%,Approve,41%,Disapprove +15
Oct. 31-Nov. 3,B,YouGov,The Economist,1475,R,V,0.00,Disapprove,55%,Approve,43%,Disapprove +12
Oct. 31-Nov. 2,-,Morning Consult,,2202,R,V,0.00,Disapprove,52%,Approve,45%,Disapprove +7
Oct. 6-Nov. 1,-,Lord Ashcroft Polls,,8569,R,V,0.00,Disapprove,54%,Approve,44%,Disapprove +10
Oct. 28-31,-,Talker Research,Scripps News,1000,A,,0.00,Disapprove,46%,Approve,44%,Disapprove +2
Oct. 28-31,C,TIPP Insights,Issues & Insights,1418,A,,0.00,Disapprove,51%,Approve,40%,Disapprove +11
Oct. 29-31,B,YouGov,CBS News,2124,A,,0.00,Disapprove,59%,Approve,41%,Disapprove +18
Oct. 27-30,C,CNN/SSRS,,954,R,V,0.00,Disapprove,61%,Approve,39%,Disapprove +22
Oct. 27-29,-,Overton Insights/Targoz Market Research,,1200,R,V,0.00,Disapprove,55%,Approve,43%,Disapprove +12
Oct. 27-29,-,NewsNation/Decision Desk HQ,,1158,L,V,0.00,Disapprove,57%,Approve,43%,Disapprove +14
Oct. 24-29,-,Verasight,Strength In Numbers,1567,A,,0.00,Disapprove,56%,Approve,41%,Disapprove +15
Oct. 24-28,-,Washington Post/ABC News/Ipsos,,2203,R,V,0.00,Disapprove,57%,Approve,43%,Disapprove +14
Oct. 24-28,A,Hart Research Associates/Public Opinion Strategies,NBC News,1000,R,V,0.00,Disapprove,55%,Approve,43%,Disapprove +12
Oct. 26-28,-,Big Data Poll,Public Polling Project,2984,R,V,0.00,Disapprove,51%,Approve,45%,Disapprove +6
Oct. 23-27,-,Global Strategy Group,Navigator Research,1000,R,V,0.00,Disapprove,57%,Approve,41%,Disapprove +16
Oct. 24-27,B,YouGov,The Economist,1476,R,V,0.00,Disapprove,55%,Approve,43%,Disapprove +12
Oct. 23-27,B,YouGov,Yahoo News,1197,R,V,0.00,Disapprove,55%,Approve,43%,Disapprove +12
Oct. 24-26,-,Leger,,1010,A,,0.00,Disapprove,52%,Approve,39%,Disapprove +13
Oct. 24-26,-,Morning Consult,,2200,R,V,0.00,Disapprove,51%,Approve,46%,Disapprove +5
Oct. 24-26,D,Ipsos,Reuters,1018,A,,0.00,Disapprove,57%,Approve,40%,Disapprove +17
Oct. 16-23,-,Clarity Campaign Labs,,1047,R,V,0.00,Disapprove,52%,Approve,46%,Disapprove +6
Oct. 16-20,D,University of Massachusetts/YouGov,,1000,A,,0.00,Disapprove,58%,Approve,42%,Disapprove +16
Oct. 16-20,-,Global Strategy Group,Navigator Research,1000,R,V,0.00,Disapprove,55%,Approve,43%,Disapprove +12
Oct. 16-20,D,Quinnipiac University,,1327,R,V,0.00,Disapprove,54%,Approve,40%,Disapprove +14
Oct. 17-20,B,YouGov,The Economist,1448,R,V,0.00,Disapprove,55%,Approve,43%,Disapprove +12
Oct. 16-20,A,Echelon Insights,,1010,L,V,0.00,Disapprove,53%,Approve,46%,Disapprove +7
Oct. 17-20,-,American Research Group,,1001,R,V,0.00,Disapprove,60%,Approve,37%,Disapprove +23
Oct. 15-20,D,Ipsos,,4385,A,,0.00,Disapprove,56%,Approve,42%,Disapprove +14
Oct. 17-19,-,Morning Consult,,2200,R,V,0.00,Disapprove,51%,Approve,46%,Disapprove +5
Oct. 15-17,A,Hart Research Associates/Public Opinion Strategies,Senate Majority PAC,1221,L,V,0.00,Disapprove,55%,Approve,45%,Disapprove +10
Oct. 15-16,-,The Winston Group,Winning the Issues,1000,R,V,0.00,Disapprove,55%,Approve,38%,Disapprove +17
Oct. 10-16,D,The Bullfinch Group,The Independent Center,1000,R,V,0.00,Disapprove,53%,Approve,42%,Disapprove +11
Oct. 10-16,-,The Argument/Verasight,,1530,R,V,0.00,Disapprove,54%,Approve,44%,Disapprove +10
Oct. 1-16,-,Gallup,,1000,A,,0.00,Disapprove,54%,Approve,41%,Disapprove +13
Oct. 14-15,B,J.L. Partners,DailyMail.com,1004,R,V,0.00,Approve,51%,Disapprove,49%,Approve +2
Oct. 13-14,B,Emerson College,,1000,R,V,0.00,Disapprove,48%,Approve,45%,Disapprove +3
Oct. 9-13,-,AP-NORC,,1289,A,,0.00,Disapprove,61%,Approve,37%,Disapprove +24
Oct. 9-13,-,Global Strategy Group,Navigator Research,1000,R,V,0.00,Disapprove,54%,Approve,44%,Disapprove +10
Oct. 10-13,B,YouGov,The Economist,1467,R,V,0.00,Disapprove,54%,Approve,44%,Disapprove +10
Oct. 8-12,A,Hart Research Associates/Public Opinion Strategies,CNBC,1000,A,,0.00,Disapprove,52%,Approve,44%,Disapprove +8
Oct. 10-12,-,John Zogby Strategies,,1000,L,V,0.00,Disapprove,51%,Approve,44%,Disapprove +7
Oct. 10-12,-,Morning Consult,,2202,R,V,0.00,Disapprove,53%,Approve,45%,Disapprove +8
Oct. 6-7,B,Quantus Insights,,1000,L,V,0.00,Disapprove,51%,Approve,47%,Disapprove +4
Oct. 1-7,-,Morning Consult,,45000,A,,0.00,Disapprove,50%,Approve,43%,Disapprove +7
Oct. 3-7,D,Ipsos,Reuters,1154,A,,0.00,Disapprove,58%,Approve,40%,Disapprove +18
Oct. 2-6,D,Noble Predictive Insights,The Center Square,2565,R,V,0.00,Disapprove,50%,Approve,48%,Disapprove +2
Oct. 4-6,B,YouGov,The Economist,1490,R,V,0.00,Disapprove,55%,Approve,43%,Disapprove +12
Oct. 2-5,-,Global Strategy Group,Navigator Research,1000,R,V,0.00,Disapprove,54%,Approve,44%,Disapprove +10
Oct. 3-5,-,Morning Consult,,2200,R,V,0.00,Disapprove,52%,Approve,46%,Disapprove +6
Oct. 1-3,B,YouGov,CBS News,2441,A,,0.00,Disapprove,58%,Approve,42%,Disapprove +16
Oct. 1-2,C,HarrisX/Harris Poll,Harvard CAPS,2413,R,V,0.00,Disapprove,50%,Approve,46%,Disapprove +4
Sep. 30-Oct. 2,C,TIPP Insights,Issues & Insights,1459,A,,0.00,Disapprove,46%,Approve,42%,Disapprove +4
Sep. 29-30,B,InsiderAdvantage,,800,L,V,0.00,Approve,52%,Disapprove,46%,Approve +6
Sep. 26-29,-,Leger,,1010,A,,0.00,Disapprove,50%,Approve,38%,Disapprove +12
Sep. 26-29,B,YouGov,The Economist,1518,R,V,0.00,Disapprove,54%,Approve,43%,Disapprove +11
Sep. 25-29,B,YouGov,Yahoo News,1129,R,V,0.00,Disapprove,55%,Approve,44%,Disapprove +11
Sep. 22-28,-,Pew Research Center,,3445,A,,0.00,Disapprove,58%,Approve,40%,Disapprove +18
Sep. 26-28,-,Morning Consult,,2202,R,V,0.00,Disapprove,52%,Approve,46%,Disapprove +6
Sep. 22-27,A,The New York Times/Siena College,,1313,R,V,0.00,Disapprove,54%,Approve,43%,Disapprove +11
Sep. 22-26,A,Marist College,NPR/PBS News,1329,R,V,0.00,Disapprove,53%,Approve,42%,Disapprove +11
Sep. 15-24,A+,Marquette University Law School,,777,R,V,0.00,Disapprove,55%,Approve,45%,Disapprove +10
Sep. 19-22,B,YouGov,The Economist,1392,R,V,0.00,Disapprove,55%,Approve,43%,Disapprove +12
Sep. 18-22,A,Echelon Insights,,1071,L,V,0.00,Disapprove,53%,Approve,45%,Disapprove +8
Sep. 18-21,D,Quinnipiac University,,1276,R,V,0.00,Disapprove,54%,Approve,38%,Disapprove +16
Sep. 19-21,-,Morning Consult,,2201,R,V,0.00,Disapprove,52%,Approve,46%,Disapprove +6
Sep. 19-21,B,Quantus Insights,,1000,L,V,0.00,Disapprove,50%,Approve,48%,Disapprove +2
Sep. 17-20,-,American Research Group,,1002,R,V,0.00,Disapprove,58%,Approve,37%,Disapprove +21
Sep. 15-19,-,Verasight,Strength In Numbers,1500,A,,0.00,Disapprove,55%,Approve,42%,Disapprove +13
Sep. 15-18,-,The Argument/Verasight,,1541,R,V,0.00,Disapprove,56%,Approve,42%,Disapprove +14
Sep. 11-16,-,Normington Petts & Associates,Third Way,800,L,V,0.00,Disapprove,54%,Approve,45%,Disapprove +9
Sep. 15-16,C,TIPP Insights,League of American Workers,1561,R,V,0.00,Disapprove,49%,Approve,45%,Disapprove +4
Sep. 2-16,-,Gallup,,1000,A,,0.00,Disapprove,56%,Approve,40%,Disapprove +16
Sep. 12-16,B,AtlasIntel,,1066,A,,0.00,Disapprove,52%,Approve,47%,Disapprove +5
Sep. 8-15,-,SurveyMonkey,The 19th,20807,A,,0.00,Disapprove,55%,Approve,43%,Disapprove +12
Sep. 11-15,D,Ipsos,The Washington Post,,R,V,0.00,Disapprove,55%,Approve,45%,Disapprove +10
Sep. 11-15,-,AP-NORC,,1183,A,,0.00,Disapprove,55%,Approve,41%,Disapprove +14
Sep. 12-15,B,YouGov,The Economist,1420,R,V,0.00,Disapprove,55%,Approve,43%,Disapprove +12
Sep. 12-14,-,Morning Consult,,2204,R,V,0.00,Disapprove,52%,Approve,46%,Disapprove +6
Sep. 4-11,-,Clarity Campaign Labs,,1001,R,V,0.00,Disapprove,52%,Approve,46%,Disapprove +6
Sep. 6-11,D,The Bullfinch Group,The Independent Center,1700,R,V,0.00,Disapprove,51%,Approve,47%,Disapprove +4
Sep. 6-9,A,Beacon Research/Shaw & Co. Research,Fox News,1004,R,V,0.00,Disapprove,54%,Approve,46%,Disapprove +8
Sep. 5-9,D,Ipsos,Reuters,1084,A,,0.00,Disapprove,56%,Approve,42%,Disapprove +14
Aug. 15-Sep. 8,-,Public Religion Research Institute,Carnegie Corporation of New York,5543,A,,0.00,Disapprove,56%,Approve,42%,Disapprove +14
Sep. 4-8,-,Global Strategy Group,Navigator Research,1000,R,V,0.00,Disapprove,53%,Approve,43%,Disapprove +10
Sep. 5-8,B,YouGov,The Economist,1487,R,V,0.00,Disapprove,54%,Approve,43%,Disapprove +11
Sep. 2-8,-,Morning Consult,,45000,A,,0.00,Disapprove,49%,Approve,44%,Disapprove +5
Sep. 6-8,-,Morning Consult,,2201,R,V,0.00,Disapprove,52%,Approve,45%,Disapprove +7
Sep. 3-5,B,YouGov,CBS News,2385,A,,0.00,Disapprove,56%,Approve,44%,Disapprove +12
Aug. 29-Sep. 2,B,YouGov,The Economist,1549,R,V,0.00,Disapprove,55%,Approve,44%,Disapprove +11
Aug. 30-Sep. 1,-,The Winston Group,Winning the Issues,1000,R,V,0.00,Disapprove,52%,Approve,41%,Disapprove +11
Aug. 13-Sep. 1,-,SurveyMonkey,NBC News,30196,A,,0.00,Disapprove,57%,Approve,43%,Disapprove +14
Aug. 21-Sep. 1,B,J.L. Partners,DailyMail.com,867,R,V,0.00,Approve,55%,Disapprove,45%,Approve +10
Aug. 29-31,-,Leger,,1014,A,,0.00,Disapprove,50%,Approve,39%,Disapprove +11
Aug. 29-31,-,Morning Consult,,2202,R,V,0.00,Disapprove,51%,Approve,46%,Disapprove +5
Aug. 29-30,-,John Zogby Strategies,,1000,L,V,0.00,Disapprove,52%,Approve,46%,Disapprove +6
Aug. 27-29,C,TIPP Insights,Issues & Insights,1362,A,,0.00,Disapprove,47%,Approve,43%,Disapprove +4
Aug. 25-26,B,Quantus Insights,,1000,R,V,0.00,Disapprove,51%,Approve,48%,Disapprove +3
Aug. 21-26,-,Talker Research,Scripps News,1000,A,,0.00,Disapprove,46%,Approve,43%,Disapprove +3
Aug. 25-26,B,Emerson College,,1000,R,V,0.00,Disapprove,47%,Approve,45%,Disapprove +3
Aug. 21-25,D,Quinnipiac University,,1220,R,V,0.00,Disapprove,55%,Approve,37%,Disapprove +18
Aug. 21-25,-,AP-NORC,,1182,A,,0.00,Disapprove,53%,Approve,45%,Disapprove +8
Aug. 22-25,B,YouGov,The Economist,1377,R,V,0.00,Disapprove,55%,Approve,43%,Disapprove +12
Aug. 22-24,D,Ipsos,Reuters,1022,A,,0.00,Disapprove,54%,Approve,40%,Disapprove +14
Aug. 22-24,-,Morning Consult,,2200,R,V,0.00,Disapprove,51%,Approve,47%,Disapprove +4
Aug. 18-21,-,Verasight,Strength In Numbers,1500,A,,0.00,Disapprove,56%,Approve,41%,Disapprove +15
Aug. 20-21,C,HarrisX/Harris Poll,Harvard CAPS,2025,R,V,0.00,Disapprove,49%,Approve,47%,Disapprove +2
Aug. 1-20,-,Gallup,,1094,A,,0.00,Disapprove,56%,Approve,40%,Disapprove +16
Aug. 17-20,-,American Research Group,,1004,R,V,0.00,Disapprove,60%,Approve,38%,Disapprove +22
Aug. 19,B,SoCal Strategies,Red Eagle Politics/On Point Politics,700,A,,0.00,Disapprove,48%,Approve,45%,Disapprove +3
Aug. 15-19,B,YouGov,The Economist,1408,R,V,0.00,Disapprove,54%,Approve,43%,Disapprove +11
Aug. 13-18,D,Ipsos,Reuters,4446,A,,0.00,Disapprove,54%,Approve,40%,Disapprove +14
Aug. 15-18,-,Morning Consult,,2201,R,V,0.00,Disapprove,51%,Approve,47%,Disapprove +4
Aug. 14-18,A,Echelon Insights,,1057,L,V,0.00,Disapprove,51%,Approve,47%,Disapprove +4
Aug. 8-17,-,The Argument/Verasight,,1562,R,V,0.00,Disapprove,55%,Approve,43%,Disapprove +12
Aug. 15-17,B,InsiderAdvantage,,1000,L,V,0.00,Approve,54%,Disapprove,44%,Approve +10
Aug. 11-13,B,Quantus Insights,,1000,R,V,0.00,Disapprove,51%,Approve,47%,Disapprove +4
Aug. 7-11,-,Global Strategy Group,Navigator Research,1000,R,V,0.00,Disapprove,55%,Approve,43%,Disapprove +12
Aug. 9-11,B,YouGov,The Economist,1474,R,V,0.00,Disapprove,53%,Approve,44%,Disapprove +9
Aug. 4-10,-,Pew Research Center,,3554,A,,0.00,Disapprove,60%,Approve,38%,Disapprove +22
Aug. 8-10,-,Morning Consult,,2200,R,V,0.00,Disapprove,51%,Approve,45%,Disapprove +6
Aug. 3-9,-,Morning Consult,,45000,A,,0.00,Disapprove,49%,Approve,45%,Disapprove +4
Aug. 1-4,B,YouGov,The Economist,1528,R,V,0.00,Disapprove,55%,Approve,43%,Disapprove +12
Jul. 29-Aug. 3,A,Hart Research Associates/Public Opinion Strategies,CNBC,1000,A,,0.00,Disapprove,51%,Approve,46%,Disapprove +5
Aug. 1-3,-,Morning Consult,,2201,R,V,0.00,Disapprove,52%,Approve,45%,Disapprove +7
Jul. 30-Aug. 2,C,TIPP Insights,Issues & Insights,1362,A,,0.00,Disapprove,46%,Approve,45%,Disapprove +1
Jul. 24-31,-,Clarity Campaign Labs,,1018,R,V,0.00,Disapprove,51%,Approve,46%,Disapprove +5
Jul. 25-30,D,University of Massachusetts/YouGov,,1000,A,,0.00,Disapprove,58%,Approve,38%,Disapprove +20
Jul. 27-29,-,Grayhouse,America One Policies,2000,R,V,0.00,Disapprove,51%,Approve,46%,Disapprove +5
Jul. 28-29,-,John Zogby Strategies,,1010,L,V,0.00,Disapprove,54%,Approve,43%,Disapprove +11
Jul. 24-28,B,YouGov,Yahoo News,1168,R,V,0.00,Disapprove,54%,Approve,44%,Disapprove +10
Jul. 25-28,B,YouGov,The Economist,1610,R,V,0.00,Disapprove,53%,Approve,44%,Disapprove +9
Jul. 25-27,-,Leger,338Canada/Maintenant Media,1007,A,,0.00,Disapprove,51%,Approve,37%,Disapprove +14
Jul. 25-27,D,Ipsos,Reuters,1023,A,,0.00,Disapprove,56%,Approve,40%,Disapprove +16
Jul. 25-27,-,Morning Consult,,2202,R,V,0.00,Disapprove,50%,Approve,47%,Disapprove +3
Jul. 21-24,-,McLaughlin & Associates,America's New Majority Project,1633,L,V,0.00,Disapprove,53%,Approve,47%,Disapprove +5
Jul. 21-23,B,Quantus Insights,,1123,R,V,0.00,Disapprove,50%,Approve,47%,Disapprove +3
Jul. 22-23,-,Trafalgar Group/InsiderAdvantage,,1200,L,V,0.00,Approve,50%,Disapprove,48%,Approve +2
Jul. 21-22,B,J.L. Partners,DailyMail.com,1007,R,V,0.00,Disapprove,46%,Approve,45%,Disapprove +1
Jul. 21-22,B,Emerson College,Nexstar,1400,R,V,0.00,Disapprove,47%,Approve,46%,Disapprove +1
Jul. 18-22,D,The Bullfinch Group,,1000,R,V,0.00,Disapprove,56%,Approve,42%,Disapprove +14
Jul. 14-21,-,GBAO Strategies,Third Way,2000,R,V,0.00,Disapprove,55%,Approve,45%,Disapprove +10
Jul. 18-21,B,YouGov,The Economist,1551,R,V,0.00,Disapprove,56%,Approve,43%,Disapprove +13
Jul. 7-21,-,Gallup,,1002,A,,0.00,Disapprove,58%,Approve,37%,Disapprove +21
Jul. 18-21,A,Beacon Research/Shaw & Co. Research,Fox News,1000,R,V,0.00,Disapprove,54%,Approve,46%,Disapprove +8
Jul. 16-20,A+,Fabrizio Lee & Associates/Impact Research,The Wall Street Journal,1500,R,V,0.00,Disapprove,52%,Approve,46%,Disapprove +6
Jul. 17-20,-,American Research Group,,1006,R,V,0.00,Disapprove,59%,Approve,38%,Disapprove +21
Jul. 18-20,-,Morning Consult,,2202,R,V,0.00,Disapprove,52%,Approve,45%,Disapprove +7
Jul. 16-19,-,Global Strategy Group,Navigator Research,1000,R,V,0.00,Disapprove,54%,Approve,43%,Disapprove +11
Jul. 16-18,B,YouGov,CBS News,2343,A,,0.00,Disapprove,58%,Approve,42%,Disapprove +16
Jul. 13-18,B,AtlasIntel,,1935,A,,0.00,Disapprove,55%,Approve,44%,Disapprove +11
Jul. 7-16,A+,Marquette University Law School,,747,R,V,0.00,Disapprove,54%,Approve,46%,Disapprove +8
Jul. 14-16,-,Verasight,Strength in Numbers,1500,A,,0.00,Disapprove,57%,Approve,42%,Disapprove +15
Jul. 14-16,B,Quantus Insights,,1000,R,V,0.00,Disapprove,50%,Approve,48%,Disapprove +2
Jul. 15-16,D,Ipsos,Reuters,1027,A,,0.00,Disapprove,54%,Approve,41%,Disapprove +13
Jul. 12-14,-,Big Data Poll,Public Polling Project,3022,R,V,0.00,Disapprove,49%,Approve,48%,EVEN
Jul. 10-14,-,AP-NORC,,1437,A,,0.00,Disapprove,58%,Approve,40%,Disapprove +18
Jul. 10-14,D,Quinnipiac University,,1290,R,V,0.00,Disapprove,54%,Approve,40%,Disapprove +14
Jul. 11-14,B,YouGov,The Economist,1506,R,V,0.00,Disapprove,54%,Approve,43%,Disapprove +11
Jul. 10-14,A,Echelon Insights,,1084,R,V,0.00,Disapprove,53%,Approve,45%,Disapprove +8
Jul. 10-13,C,CNN/SSRS,,1057,A,,0.00,Disapprove,58%,Approve,42%,Disapprove +16
Jul. 9-13,B,YouGov,,2104,A,,0.00,Disapprove,56%,Approve,39%,Disapprove +17
Jul. 9-10,B,J.L. Partners,DailyMail.com,1000,R,V,0.00,Disapprove,52%,Approve,48%,Disapprove +4
Jul. 4-10,-,Morning Consult,,45000,A,,0.00,Disapprove,50%,Approve,44%,Disapprove +6
Jul. 7-10,-,A2 Insights,,862,R,V,0.00,Disapprove,52%,Approve,48%,Disapprove +4
Jul. 6-8,C,HarrisX/Harris Poll,Harvard CAPS,1903,R,V,0.00,Disapprove,49%,Approve,47%,Disapprove +2
Jul. 4-7,B,YouGov,The Economist,1389,R,V,0.00,Disapprove,54%,Approve,43%,Disapprove +11
Jul. 3-6,-,Morning Consult,,2203,R,V,0.00,Disapprove,52%,Approve,45%,Disapprove +7
Jun. 30-Jul. 2,B,Quantus Insights,TrendingPolitics,1000,R,V,0.00,Disapprove,49%,Approve,47%,Disapprove +2
Jun. 26-30,B,YouGov,Yahoo News,1074,R,V,0.00,Disapprove,54%,Approve,45%,Disapprove +9
Jun. 27-30,B,YouGov,The Economist,1491,R,V,0.00,Disapprove,53%,Approve,45%,Disapprove +8
Jun. 26-30,-,Global Strategy Group,Navigator Research,1000,R,V,0.00,Disapprove,53%,Approve,45%,Disapprove +8
Jun. 27-29,-,Morning Consult,,2202,R,V,0.00,Disapprove,50%,Approve,47%,Disapprove +3
Jun. 25-27,C,TIPP Insights,Issues & Insights,1421,A,,0.00,Disapprove,45%,Approve,44%,Disapprove +1
Jun. 23-26,-,Targoz Market Research,Overton Insights,1200,R,V,0.00,Disapprove,54%,Approve,43%,Disapprove +11
Jun. 25-26,-,The Tyson Group,,1027,A,,0.00,Disapprove,51%,Approve,45%,Disapprove +6
Jun. 23-25,A,Marist College,NPR/PBS News,1206,R,V,0.00,Disapprove,53%,Approve,44%,Disapprove +9
Jun. 24-25,B,Emerson College,,1000,R,V,0.00,Disapprove,46%,Approve,45%,Disapprove +1
Jun. 23-25,B,Quantus Insights,,1000,R,V,0.00,Disapprove,50%,Approve,47%,Disapprove +3
Jun. 24-25,-,John Zogby Strategies,,1006,L,V,0.00,Disapprove,53%,Approve,45%,Disapprove +7
Jun. 23-25,-,American Pulse Research & Polling,,633,R,V,0.00,Approve,50%,Disapprove,49%,Approve +1
Jun. 22-24,D,Quinnipiac University,,979,R,V,0.00,Disapprove,54%,Approve,41%,Disapprove +13
Jun. 20-23,B,YouGov,The Economist,1455,R,V,0.00,Disapprove,54%,Approve,43%,Disapprove +11
Jun. 21-23,D,Ipsos,Reuters,1139,A,,0.00,Disapprove,57%,Approve,41%,Disapprove +16
Jun. 20-22,D,Ipsos,Reuters,1144,A,,0.00,Disapprove,54%,Approve,41%,Disapprove +13
Jun. 20-22,-,Morning Consult,,2205,R,V,0.00,Disapprove,53%,Approve,45%,Disapprove +8
Jun. 17-20,D,The Bullfinch Group,Exiled Policy,1006,R,V,0.00,Disapprove,54%,Approve,43%,Disapprove +11
Jun. 17-20,-,American Research Group,,1009,R,V,0.00,Disapprove,59%,Approve,38%,Disapprove +21
Jun. 2-19,-,Gallup,,1000,A,,0.00,Disapprove,57%,Approve,40%,Disapprove +17
Jun. 17-18,A,Echelon Insights,,1002,L,V,0.00,Disapprove,52%,Approve,48%,Disapprove +4
Jun. 12-17,A,Echelon Insights,,982,L,V,0.00,Disapprove,53%,Approve,45%,Disapprove +8
Jun. 13-16,A,Beacon Research/Shaw & Co. Research,Fox News,1003,R,V,0.00,Disapprove,54%,Approve,46%,Disapprove +8
Jun. 13-16,B,YouGov,The Economist,1351,R,V,0.00,Disapprove,53%,Approve,44%,Disapprove +9
Jun. 15-16,B,InsiderAdvantage,,1000,L,V,0.00,Approve,54%,Disapprove,44%,Approve +10
Jun. 11-16,D,Ipsos,Reuters,4258,A,,0.00,Disapprove,54%,Approve,42%,Disapprove +12
Jun. 13-15,-,Morning Consult,,2207,R,V,0.00,Disapprove,52%,Approve,46%,Disapprove +6
Jun. 5-14,-,Clarity Campaign Labs,,1000,R,V,0.00,Disapprove,50%,Approve,47%,Disapprove +3
Jun. 6-12,-,Verasight,Strength in Numbers,1500,A,,0.00,Disapprove,56%,Approve,42%,Disapprove +14
Jun. 11-12,C,HarrisX/Harris Poll,Harvard CAPS,2097,R,V,0.00,Disapprove,50%,Approve,46%,Disapprove +4
Jun. 9-11,C,TIPP Insights,League of American Workers,1584,R,V,0.00,Disapprove,50%,Approve,43%,Disapprove +7
Jun. 9-11,B,Quantus Insights,TrendingPolitics,1000,R,V,0.00,Disapprove,49%,Approve,48%,Disapprove +2
May. 30-Jun. 10,-,SurveyMonkey,NBC News,19410,A,,0.00,Disapprove,55%,Approve,45%,Disapprove +10
Jun. 5-9,-,Global Strategy Group,Navigator Research,1000,R,V,0.00,Disapprove,55%,Approve,42%,Disapprove +13
Jun. 5-9,-,AP-NORC,,1158,A,,0.00,Disapprove,60%,Approve,39%,Disapprove +21
Jun. 5-9,D,Quinnipiac University,,1265,R,V,0.00,Disapprove,54%,Approve,38%,Disapprove +16
Jun. 3-9,-,Morning Consult,,45000,R,V,0.00,Disapprove,48%,Approve,46%,Disapprove +2
Jun. 6-9,B,YouGov,The Economist,1397,R,V,0.00,Disapprove,53%,Approve,45%,Disapprove +8
Jun. 2-8,-,Pew Research Center,,5044,A,,0.00,Disapprove,58%,Approve,41%,Disapprove +17
Jun. 6-8,-,Morning Consult,,1867,R,V,0.00,Disapprove,51%,Approve,47%,Disapprove +4
Jun. 6,B,J.L. Partners,DailyMail.com,1006,R,V,0.00,Disapprove,53%,Approve,47%,Disapprove +6
Jun. 4-6,B,YouGov,CBS News,2428,A,,0.00,Disapprove,55%,Approve,45%,Disapprove +10
Jun. 1-4,B,Quantus Insights,TrendingPolitics,1000,R,V,0.00,Approve,49%,Disapprove,48%,Approve +1
May. 29-Jun. 2,-,Grayhouse,America One Policies,2000,R,V,0.00,Disapprove,49%,Approve,48%,Disapprove +1
May. 30-Jun. 2,-,Morning Consult,,2205,R,V,0.00,Disapprove,51%,Approve,46%,Disapprove +5
May. 30-Jun. 2,B,YouGov,The Economist,1436,R,V,0.00,Disapprove,51%,Approve,46%,Disapprove +5
May. 30-Jun. 1,-,Trafalgar Group/InsiderAdvantage,,,L,V,0.00,Approve,54%,Disapprove,46%,Approve +8
May. 28-30,C,TIPP Insights,Issues & Insights,1395,A,,0.00,Disapprove,45%,Approve,43%,Disapprove +2
May. 28-29,-,John Zogby Strategies,,1000,L,V,0.00,Disapprove,49%,Approve,48%,Disapprove +1
May. 22-27,B,YouGov,Yahoo News,1052,R,V,0.00,Disapprove,53%,Approve,45%,Disapprove +8
May. 21-27,B,AtlasIntel,,3469,R,V,0.00,Disapprove,55%,Approve,45%,Disapprove +10
May. 23-26,B,YouGov,The Economist,1486,R,V,0.00,Disapprove,52%,Approve,46%,Disapprove +6
May. 23-25,-,Morning Consult,,2208,R,V,,Disapprove,50%,Approve,48%,Disapprove +2
May. 18-20,B,Quantus Insights,TrendingPolitics,1000,R,V,0.00,Approve,48%,Disapprove,48%,Approve +1
May. 17-20,-,Civiqs,Daily Kos,1018,R,V,0.00,Disapprove,52%,Approve,47%,Disapprove +5
May. 17-20,-,American Research Group,,1008,R,V,0.00,Disapprove,55%,Approve,42%,Disapprove +13
May. 15-19,-,Fabrizio Ward,Pinpoint Policy Institute,800,R,V,0.00,Disapprove,49%,Approve,46%,Disapprove +3
May. 16-19,-,Morning Consult,,2208,R,V,0.00,Disapprove,50%,Approve,48%,Disapprove +2
May. 16-19,B,YouGov,The Economist,1558,R,V,0.00,Disapprove,52%,Approve,45%,Disapprove +7
May. 15-18,-,Global Strategy Group,Navigator Research,1000,R,V,0.00,Disapprove,54%,Approve,44%,Disapprove +10
May. 1-18,-,Gallup,,1003,A,,0.00,Disapprove,53%,Approve,43%,Disapprove +10
May. 16-18,D,Ipsos,Reuters,1024,A,,0.00,Disapprove,52%,Approve,42%,Disapprove +10
May. 17-18,B,InsiderAdvantage,,1000,L,V,0.00,Approve,55%,Disapprove,44%,Approve +11
May. 5-15,A+,Marquette University Law School,,707,R,V,0.00,Disapprove,54%,Approve,46%,Disapprove +8
May. 14-15,C,HarrisX/Harris Poll,Harvard CAPS,1903,R,V,0.00,Disapprove,48%,Approve,47%,Disapprove +1
May. 9-13,D,The Bullfinch Group,,1000,R,V,,Disapprove,51%,Approve,45%,Disapprove +6
May. 12-13,D,Ipsos,Reuters,1163,A,,0.00,Disapprove,52%,Approve,44%,Disapprove +8
May. 9-12,B,YouGov,The Economist,1610,R,V,0.00,Disapprove,52%,Approve,45%,Disapprove +7
May. 8-12,A,Echelon Insights,,1000,L,V,0.00,Disapprove,52%,Approve,46%,Disapprove +6
May. 9-11,-,Morning Consult,,2221,R,V,0.00,Disapprove,52%,Approve,46%,Disapprove +6
May. 7-9,-,co/efficient,,,L,V,0.00,Disapprove,51%,Approve,49%,Disapprove +2
May. 6-8,B,YouGov,,1143,A,,0.00,Disapprove,50%,Approve,42%,Disapprove +9
May. 2-8,-,Morning Consult,,45000,R,V,0.00,Disapprove,48%,Approve,46%,Disapprove +2
May. 5-7,B,Quantus Insights,TrendingPolitics,1000,R,V,0.00,Disapprove,48%,Approve,48%,EVEN
May. 1-6,-,Verasight,Strength in Numbers,1000,A,,0.00,Disapprove,56%,Approve,40%,Disapprove +16
May. 1-5,-,AP-NORC,,1175,A,,0.00,Disapprove,57%,Approve,41%,Disapprove +16
May. 2-5,B,YouGov,The Economist,1693,R,V,0.00,Disapprove,52%,Approve,44%,Disapprove +8
May. 3-5,-,Big Data Poll,Public Polling Project,3128,R,V,0.00,Approve,48%,Disapprove,47%,Approve +1
May. 2-4,-,Morning Consult,,2263,R,V,0.00,Disapprove,52%,Approve,46%,Disapprove +6
Apr. 30-May. 2,C,TIPP Insights,Issues & Insights,1400,A,,0.00,Disapprove,47%,Approve,42%,Disapprove +5
Apr. 30-May. 1,-,Trafalgar Group/InsiderAdvantage,,,L,V,0.00,Approve,46%,Disapprove,44%,Approve +2
Apr. 23-28,B,J.L. Partners,DailyMail.com,1006,R,V,0.00,Disapprove,55%,Approve,45%,Disapprove +10
Apr. 25-28,B,YouGov,The Economist,1626,R,V,0.00,Disapprove,54%,Approve,43%,Disapprove +11
Apr. 24-28,-,Global Strategy Group,Navigator Research,1000,R,V,0.00,Disapprove,54%,Approve,44%,Disapprove +10
Apr. 25-28,B,Emerson College,,1000,R,V,0.00,Approve,45%,Disapprove,45%,EVEN
Apr. 23-27,-,TrueDot.ai,NewsNation/Decision Desk HQ,1448,R,V,0.00,Disapprove,56%,Approve,44%,Disapprove +12
Apr. 25-27,D,Ipsos,Reuters,1029,A,,0.00,Disapprove,53%,Approve,42%,Disapprove +11
Apr. 25-27,-,Morning Consult,,2224,R,V,0.00,Disapprove,53%,Approve,45%,Disapprove +8
Apr. 18-25,D,Ipsos,The Washington Post/ABC News,1992,R,V,0.00,Disapprove,55%,Approve,42%,Disapprove +13
Apr. 23-25,B,YouGov,CBS News,2356,A,,0.00,Disapprove,55%,Approve,45%,Disapprove +10
Apr. 18-24,D,The Bullfinch Group,,1000,R,V,0.00,Disapprove,51%,Approve,46%,Disapprove +5
Apr. 17-24,C,CNN/SSRS,,1476,R,V,0.00,Disapprove,57%,Approve,43%,Disapprove +14
Apr. 21-24,A,The New York Times/Siena College,,913,R,V,0.00,Disapprove,54%,Approve,42%,Disapprove +12
Apr. 21-23,A,Marist College,NPR/PBS News,,A,,0.00,Disapprove,53%,Approve,42%,Disapprove +11
Apr. 21-23,B,YouGov,The Times of London,949,R,V,0.00,Disapprove,52%,Approve,44%,Disapprove +8
Apr. 22-23,-,John Zogby Strategies,,1000,R,V,0.00,Disapprove,50%,Approve,48%,Disapprove +2
Apr. 21-23,B,Quantus Insights,,1000,R,V,0.00,Disapprove,50%,Approve,48%,Disapprove +2
Apr. 19-22,B,YouGov,The Economist,1446,R,V,0.00,Disapprove,53%,Approve,44%,Disapprove +9
Apr. 17-21,-,AP-NORC,,1260,A,,0.00,Disapprove,59%,Approve,39%,Disapprove +20
Apr. 18-21,A,Beacon Research/Shaw & Co. Research,Fox News,1104,R,V,0.00,Disapprove,55%,Approve,44%,Disapprove +11
Apr. 16-21,D,Ipsos,Reuters,4306,A,,0.00,Disapprove,53%,Approve,42%,Disapprove +11
Apr. 11-20,-,SurveyMonkey,NBC News,19682,A,,0.00,Disapprove,55%,Approve,45%,Disapprove +10
Apr. 18-20,-,Morning Consult,,2207,R,V,0.00,Disapprove,52%,Approve,46%,Disapprove +6
Apr. 17-20,-,American Research Group,,1010,R,V,0.00,Disapprove,53%,Approve,43%,Disapprove +10
Apr. 16-19,-,McLaughlin & Associates,America's New Majority Project,1638,L,V,0.00,Disapprove,51%,Approve,49%,Disapprove +2
Apr. 15-18,D,Noble Predictive Insights,The Center Square,2527,R,V,0.00,Disapprove,53%,Approve,44%,Disapprove +9
Apr. 18,-,Civiqs,Daily Kos,1124,R,V,0.00,Disapprove,53%,Approve,46%,Disapprove +7
Apr. 10-17,-,Elon University/YouGov,,1000,A,,0.00,Disapprove,47%,Approve,41%,Disapprove +6
Apr. 13-15,B,YouGov,The Economist,1329,R,V,0.00,Disapprove,53%,Approve,45%,Disapprove +8
Apr. 10-14,B,AtlasIntel,,2347,A,,0.00,Disapprove,52%,Approve,46%,Disapprove +6
Apr. 9-14,-,Clarity Campaign Labs,,1008,R,V,0.00,Disapprove,49%,Approve,46%,Disapprove +3
Apr. 1-14,-,Gallup,,1006,A,,0.00,Disapprove,53%,Approve,44%,Disapprove +9
Apr. 10-14,B,J.L. Partners,DailyMail.com,1002,R,V,0.00,Approve,48%,Disapprove,42%,Approve +6
Apr. 10-14,A,Echelon Insights,,1014,L,V,0.00,Disapprove,51%,Approve,47%,Disapprove +4
Apr. 10-13,-,Grayhouse,,,R,V,0.00,Disapprove,52%,Approve,46%,Disapprove +6
Apr. 7-13,-,Pew Research Center,,3589,A,,0.00,Disapprove,59%,Approve,40%,Disapprove +19
Apr. 9-13,A,Hart Research Associates/Public Opinion Strategies,CNBC,1000,A,,0.00,Disapprove,51%,Approve,44%,Disapprove +7
Apr. 11-13,-,Morning Consult,,2203,R,V,0.00,Disapprove,52%,Approve,45%,Disapprove +7
Apr. 10-12,-,RealClear Opinion Research,,1000,R,V,0.00,Approve,44%,Disapprove,44%,EVEN
Apr. 8-11,B,YouGov,CBS News,2410,A,,0.00,Disapprove,53%,Approve,47%,Disapprove +6
Apr. 9-10,C,HarrisX/Harris Poll,Harvard CAPS,2286,R,V,0.00,Approve,48%,Disapprove,46%,Approve +2
Apr. 7-10,B,YouGov,,1151,A,,0.00,Disapprove,54%,Approve,41%,Disapprove +13
Apr. 4-9,D,University of Massachusetts/YouGov,WCVB-TV,1000,A,,0.00,Disapprove,51%,Approve,44%,Disapprove +7
Apr. 7-9,C,TIPP Insights,League of American Workers,1570,R,V,0.00,Disapprove,50%,Approve,43%,Disapprove +6
Apr. 7-9,B,Quantus Insights,TrendingPolitics,1000,R,V,0.00,Disapprove,50%,Approve,47%,Disapprove +3
Apr. 5-8,B,YouGov,The Economist,1563,R,V,0.00,Disapprove,52%,Approve,45%,Disapprove +7
Apr. 1-7,-,Morning Consult,,45000,A,,0.00,Approve,48%,Disapprove,46%,Approve +2
Apr. 3-7,D,Quinnipiac University,,1407,R,V,0.00,Disapprove,53%,Approve,41%,Disapprove +12
Apr. 4-7,C,HarrisX,,1883,R,V,0.00,Disapprove,49%,Approve,47%,Disapprove +2
Apr. 3-7,-,Global Strategy Group,Navigator Research,1000,R,V,0.00,Disapprove,53%,Approve,44%,Disapprove +9
Apr. 1-3,D,Cygnal,,1500,L,V,0.00,Disapprove,51%,Approve,47%,Disapprove +4
Apr. 1-3,B,J.L. Partners,DailyMail.com,1019,R,V,0.00,Approve,47%,Disapprove,42%,Approve +5
Mar. 31-Apr. 2,D,Ipsos,,1486,A,,0.00,Disapprove,53%,Approve,43%,Disapprove +10
Mar. 27-Apr. 1,A+,Fabrizio Lee & Associates/Impact Research,The Wall Street Journal,1500,R,V,0.00,Disapprove,51%,Approve,46%,Disapprove +5
Mar. 30-Apr. 1,B,YouGov,The Economist,1465,R,V,0.00,Disapprove,51%,Approve,46%,Disapprove +5
Mar. 28-30,-,Morning Consult,,2210,R,V,0.00,Disapprove,50%,Approve,47%,Disapprove +3
Mar. 24-28,-,Targoz Market Research,Overton Insights,1200,R,V,0.00,Disapprove,51%,Approve,46%,Disapprove +5
Mar. 26-28,C,TIPP Insights,,1425,A,,0.00,Disapprove,45%,Approve,44%,Disapprove +1
Mar. 17-27,A+,Marquette University Law School,,712,R,V,0.00,Disapprove,52%,Approve,48%,Disapprove +4
Mar. 26-27,C,HarrisX/Harris Poll,Harvard CAPS,2746,R,V,0.00,Approve,49%,Disapprove,46%,Approve +3
Mar. 25-27,B,J.L. Partners,DailyMail.com,1001,R,V,0.00,Disapprove,46%,Approve,45%,Disapprove +1
Mar. 25-27,B,Quantus Insights,,1000,R,V,0.00,Approve,49%,Disapprove,46%,Approve +3
Mar. 24-26,B,YouGov,CBS News,2351,A,,0.00,Approve,50%,Disapprove,50%,EVEN
Mar. 22-25,B,YouGov,The Economist,1440,R,V,0.00,Disapprove,50%,Approve,48%,Disapprove +2
Mar. 20-24,-,AP-NORC,,1229,A,,0.00,Disapprove,56%,Approve,42%,Disapprove +14
Mar. 20-24,B,YouGov,Yahoo News,1677,A,,0.00,Disapprove,50%,Approve,44%,Disapprove +6
Mar. 17-23,-,GBAO Strategies,Third Way,2000,R,V,0.00,Disapprove,50%,Approve,48%,Disapprove +2
Mar. 21-23,D,Ipsos,Reuters,1030,A,,0.00,Disapprove,51%,Approve,45%,Disapprove +6
Mar. 21-23,-,Morning Consult,,,R,V,0.00,Disapprove,51%,Approve,47%,Disapprove +4
Feb. 28-Mar. 20,-,Public Religion Research Institute,,5025,A,,0.00,Disapprove,54%,Approve,43%,Disapprove +11
Mar. 17-20,-,American Research Group,,1011,R,V,0.00,Disapprove,51%,Approve,46%,Disapprove +5
Mar. 15-18,-,Remington Research Group,Humanity for Freedom Foundation,800,L,V,0.00,Approve,50%,Disapprove,48%,Approve +2
Mar. 16-18,B,YouGov,The Economist,1458,R,V,0.00,Disapprove,50%,Approve,47%,Disapprove +3
Mar. 13-17,-,North Star Opinion Research,,,R,V,0.00,Disapprove,51%,Approve,46%,Disapprove +5
Mar. 13-17,-,Global Strategy Group,Navigator Research,1375,R,V,0.00,Disapprove,49%,Approve,47%,Disapprove +2
Mar. 14-17,A,Beacon Research/Shaw & Co. Research,Fox News,994,R,V,0.00,Disapprove,51%,Approve,49%,Disapprove +2
Mar. 3-16,-,Gallup,,1002,A,,0.00,Disapprove,53%,Approve,43%,Disapprove +10
Mar. 14-16,-,Morning Consult,,2210,R,V,0.00,Disapprove,50%,Approve,48%,Disapprove +2
Mar. 13-14,-,Blueprint Polling,,1400,R,V,0.00,Disapprove,51%,Approve,45%,Disapprove +6
Mar. 10-13,A,Echelon Insights,,1007,L,V,0.00,Approve,49%,Disapprove,48%,Approve +1
Mar. 7-12,B,AtlasIntel,,2550,A,,0.00,Disapprove,52%,Approve,47%,Disapprove +5
Mar. 10-12,B,Quantus Insights,,1000,R,V,0.00,Approve,50%,Disapprove,47%,Approve +2
Mar. 11-12,D,Ipsos,Reuters,1422,A,,0.00,Disapprove,52%,Approve,44%,Disapprove +8
Mar. 7-11,A,Hart Research Associates/Public Opinion Strategies,NBC News,1000,R,V,0.00,Disapprove,51%,Approve,47%,Disapprove +4
Mar. 9-11,B,YouGov,The Economist,1532,R,V,0.00,Disapprove,49%,Approve,48%,Disapprove +1
Mar. 6-10,D,Quinnipiac University,,1198,R,V,0.00,Disapprove,53%,Approve,42%,Disapprove +11
Mar. 8-10,B,Emerson College,,1000,R,V,0.00,Approve,47%,Disapprove,45%,Approve +2
Mar. 6-9,C,CNN/SSRS,,1206,A,,0.00,Disapprove,54%,Approve,45%,Disapprove +9
Mar. 3-9,-,Clarity Campaign Labs,,1036,R,V,0.00,Approve,50%,Disapprove,46%,Approve +4
Mar. 7-9,-,Morning Consult,,2219,R,V,0.00,Approve,49%,Disapprove,49%,EVEN
Mar. 4-7,-,McLaughlin & Associates,America's New Majority Project,2000,R,V,0.00,Approve,50%,Disapprove,50%,Approve +1
Mar. 5-7,B,J.L. Partners,,1019,R,V,0.00,Disapprove,51%,Approve,49%,Disapprove +2
Mar. 3-6,C,TIPP Insights,League of Workers,1720,R,V,0.00,Disapprove,48%,Approve,43%,Disapprove +5
Mar. 5-6,-,Trafalgar Group/InsiderAdvantage,,800,R,V,0.00,Approve,50%,Disapprove,45%,Approve +4
Mar. 3-5,D,Cygnal,,1500,L,V,0.00,Disapprove,51%,Approve,47%,Disapprove +3
Feb. 27-Mar. 5,-,Morning Consult,,45000,A,,0.00,Approve,49%,Disapprove,45%,Approve +4
Mar. 1-4,B,YouGov,The Economist,1638,A,,0.00,Approve,48%,Disapprove,46%,Approve +2
Mar. 3-4,D,Ipsos,Reuters,1174,A,,0.00,Disapprove,51%,Approve,44%,Disapprove +7
Feb. 28-Mar. 3,-,Civiqs,Daily Kos,1031,R,V,0.00,Disapprove,52%,Approve,48%,Disapprove +4
Mar. 2-3,B,Emerson College,,1000,R,V,0.00,Approve,48%,Disapprove,43%,Approve +5
Feb. 25-Mar. 2,-,Public Opinion Strategies,Paragon Health Institute,1000,R,V,0.00,Approve,51%,Disapprove,49%,Approve +2
Feb. 24-Mar. 2,-,Justice Research Fund,Working Families Party,2049,R,V,0.00,Disapprove,50%,Approve,47%,Disapprove +3
Feb. 28-Mar. 2,-,Morning Consult,,2229,R,V,0.00,Approve,49%,Disapprove,48%,Approve +1
Feb. 28-Mar. 1,-,John Zogby Strategies,,1001,,0.00,Approve,48%,Disapprove,48%,EVEN
Feb. 26-28,C,TIPP Insights,Issues & Insights,1434,A,,0.00,Approve,46%,Disapprove,43%,Approve +3
Feb. 26-28,B,YouGov,CBS News,2311,A,,0.00,Approve,51%,Disapprove,49%,Approve +2
Feb. 24-28,C,CNN/SSRS,,2212,A,,0.00,Disapprove,52%,Approve,48%,Disapprove +4
Feb. 24-27,B,AtlasIntel,,2849,A,,0.00,Approve,50%,Disapprove,50%,Approve +1
Feb. 24-26,A,Marist College,NPR/PBS News,1533,R,V,0.00,Disapprove,51%,Approve,45%,Disapprove +6
Feb. 22-26,D,The Bullfinch Group,The Independent Center,1000,R,V,0.00,Approve,48%,Disapprove,47%,Approve +1
Feb. 24-26,B,Quantus Insights,TrendingPolitics,1000,R,V,0.00,Approve,51%,Disapprove,45%,Approve +6
Feb. 24-25,B,J.L. Partners,DailyMail.com,1001,R,V,0.00,Approve,45%,Disapprove,39%,Approve +6
Feb. 23-25,B,YouGov,The Economist,1444,R,V,0.00,Approve,48%,Disapprove,47%,Approve +1
Feb. 21-24,-,Morning Consult,,2225,R,V,0.00,Approve,50%,Disapprove,47%,Approve +3
Feb. 21-23,D,Ipsos,Reuters,1029,A,,0.00,Disapprove,50%,Approve,44%,Disapprove +6
Feb. 18-20,B,YouGov,,1137,A,,0.00,Approve,48%,Disapprove,44%,Approve +4
Feb. 18-20,A,Echelon Insights,NetChoice,1006,L,V,0.00,Disapprove,49%,Approve,48%,Disapprove +1
Feb. 17-20,-,American Research Group,,1004,R,V,0.00,Disapprove,51%,Approve,43%,Disapprove +8
Feb. 19-20,C,HarrisX/Harris Poll,Harvard University CAPS,2443,R,V,0.00,Approve,52%,Disapprove,43%,Approve +9
Feb. 17-19,B,OnMessage,Rescuing the American Dream,1000,L,V,0.00,Approve,50%,Disapprove,47%,Approve +3
Feb. 14-18,B,YouGov,,1135,A,,0.00,Approve,46%,Disapprove,46%,EVEN
Feb. 11-18,-,McLaughlin & Associates,,1000,L,V,0.00,Approve,51%,Disapprove,46%,Approve +5
Feb. 13-18,D,Ipsos,The Washington Post,2177,R,V,0.00,Disapprove,51%,Approve,48%,Disapprove +3
Feb. 16-18,B,YouGov,The Economist,1451,R,V,0.00,Approve,50%,Disapprove,47%,Approve +3
Feb. 16-17,-,Blueprint Polling,,1383,R,V,0.00,Disapprove,48%,Approve,47%,Disapprove +1
Feb. 15-17,-,co/efficient,,,L,V,0.00,Approve,48%,Disapprove,48%,EVEN
Feb. 13-17,C,CNN/SSRS,,989,R,V,0.00,Disapprove,54%,Approve,46%,Disapprove +8
Feb. 15-17,B,Emerson College,,1000,R,V,0.00,Approve,48%,Disapprove,42%,Approve +6
Feb. 13-17,D,Quinnipiac University,,1039,R,V,0.00,Disapprove,49%,Approve,45%,Disapprove +4
Feb. 3-16,-,Gallup,,1004,A,,0.00,Disapprove,51%,Approve,45%,Disapprove +6
Feb. 13-16,D,SurveyUSA,,2000,A,,0.00,Approve,51%,Disapprove,45%,Approve +6
Feb. 14-16,-,Morning Consult,,2217,R,V,0.00,Approve,50%,Disapprove,47%,Approve +3
Feb. 10-13,A,Echelon Insights,,1010,L,V,0.00,Approve,52%,Disapprove,46%,Approve +6
Feb. 10-12,B,Quantus Insights,TrendingPolitics,1000,R,V,0.00,Approve,53%,Disapprove,44%,Approve +9
Feb. 6-11,B,YouGov,Elon University,1000,A,,0.00,Approve,45%,Disapprove,41%,Approve +4
Feb. 9-11,B,YouGov,The Economist,1430,R,V,0.00,Disapprove,49%,Approve,47%,Disapprove +2
Feb. 7-9,-,Morning Consult,,2230,R,V,0.00,Approve,50%,Disapprove,48%,Approve +2
Feb. 7-9,-,Trafalgar Group/InsiderAdvantage,,1321,R,V,0.00,Approve,54%,Disapprove,45%,Approve +9
Feb. 5-7,B,YouGov,CBS News,2175,A,,0.00,Approve,53%,Disapprove,47%,Approve +6
Jan. 31-Feb. 6,-,Clarity Campaign Labs,,1102,R,V,0.00,Approve,48%,Disapprove,43%,Approve +5
Feb. 4-5,D,Cygnal,,1500,L,V,0.00,Approve,50%,Disapprove,48%,Approve +2
Jan. 27-Feb. 5,A+,Marquette University Law School,,1063,A,,0.00,Disapprove,52%,Approve,48%,Disapprove +4
Feb. 2-4,B,YouGov,The Economist,1423,R,V,0.00,Approve,48%,Disapprove,47%,Approve +1
Jan. 30-Feb. 3,-,Global Strategy Group,Navigator Research,1000,R,V,0.00,Approve,49%,Disapprove,47%,Approve +2
Jan. 31-Feb. 3,-,Morning Consult,,2303,R,V,0.00,Approve,49%,Disapprove,47%,Approve +2
Feb. 1-3,B,Quantus Insights,TrendingPolitics,1000,R,V,0.00,Approve,52%,Disapprove,45%,Approve +7
Jan. 27-Feb. 2,-,Pew Research Center,,5086,A,,0.00,Disapprove,51%,Approve,47%,Disapprove +4
Jan. 27-Feb. 1,A+,Fabrizio Lee & Associates/Impact Research,AARP,3000,R,V,0.00,Approve,48%,Disapprove,47%,Approve +1
Jan. 29-31,C,TIPP Insights,,1478,A,,0.00,Approve,46%,Disapprove,41%,Approve +5
Jan. 25-28,-,co/efficient,,,L,V,0.00,Approve,52%,Disapprove,47%,Approve +5
Jan. 27-28,B,Emerson College,,1000,R,V,0.00,Approve,49%,Disapprove,41%,Approve +7
Jan. 26-28,B,YouGov,The Economist,1376,R,V,0.00,Approve,50%,Disapprove,46%,Approve +4
Jan. 21-27,-,Gallup,,1001,A,,0.00,Disapprove,48%,Approve,47%,Disapprove +1
Jan. 22-27,-,McLaughlin & Associates,,1000,L,V,0.00,Approve,52%,Disapprove,43%,Approve +9
Jan. 23-27,D,Quinnipiac University,,1019,R,V,0.00,Approve,46%,Disapprove,43%,Approve +3
Jan. 21-27,-,Morning Consult,,45000,A,,0.00,Approve,52%,Disapprove,38%,Approve +15
Jan. 24-26,-,Morning Consult,,2302,R,V,0.00,Approve,52%,Disapprove,44%,Approve +8
Jan. 24-26,D,Ipsos,Reuters,1034,A,,0.00,Disapprove,46%,Approve,45%,Disapprove +1
Jan. 22-24,A,Research Co.,,1001,A,,0.00,Approve,50%,Disapprove,46%,Approve +4
Jan. 22-24,A,Echelon Insights,,1024,L,V,0.00,Approve,51%,Disapprove,43%,Approve +8
Jan. 21-23,B,AtlasIntel,,1882,A,,0.00,Approve,50%,Disapprove,50%,EVEN
Jan. 22-23,B,Quantus Insights,TrendingPolitics,1000,R,V,0.00,Approve,54%,Disapprove,40%,Approve +14
Jan. 19-22,-,Big Data Poll,Public Polling Project,2979,R,V,0.00,Approve,56%,Disapprove,37%,Approve +18
Jan. 20-21,D,Ipsos,Reuters,1077,A,,0.00,Approve,47%,Disapprove,41%,Approve +6
Jan. 21,B,SoCal Strategies,On Point Politics,742,A,,0.00,Approve,49%,Disapprove,36%,Approve +13
